Time_s,Hour,Network_Type,Node_ID,Total_MHz,Remaining_MHz,Utilization_%,Active_Users
0,Hour 0.0,5G_TN,Tower_12,100.0,86.56573148172012,13.43,52
0,Hour 0.0,5G_TN,Tower_2,100.0,92.86168777317671,7.14,24
0,Hour 0.0,5G_TN,Tower_24,100.0,94.23023585541058,5.77,47
0,Hour 0.0,5G_TN,Tower_6,100.0,95.29548391507936,4.7,33
0,Hour 0.0,5G_TN,Tower_45,100.0,93.77429476179226,6.23,17
0,Hour 0.0,5G_TN,Tower_1,100.0,96.96507527249557,3.03,14
0,Hour 0.0,5G_TN,Tower_9,100.0,95.58324195032301,4.42,10
0,Hour 0.0,5G_TN,Tower_14,100.0,99.62466939145666,0.38,5
0,Hour 0.0,LEO_NTN,Sat_STARLINK-SHE-066-003,1280.0,800.0,37.5,269
0,Hour 0.0,LEO_NTN,Sat_STARLINK-SHE-048-007,1280.0,1120.0,12.5,93
0,Hour 0.0,LEO_NTN,Sat_STARLINK-SHE-067-003,1280.0,1160.0,9.38,92
0,Hour 0.0,LEO_NTN,Sat_STARLINK-SHE-060-004,1280.0,1000.0,21.88,28
0,Hour 0.0,LEO_NTN,Sat_STARLINK-SHE-056-005,1280.0,1040.0,18.75,17
0,Hour 0.0,LEO_NTN,Sat_STARLINK-SHE-054-005,1280.0,1000.0,21.88,27
0,Hour 0.0,LEO_NTN,Sat_STARLINK-SHE-052-006,1280.0,1120.0,12.5,12
0,Hour 0.0,LEO_NTN,Sat_STARLINK-SHE-059-004,1280.0,1040.0,18.75,18
0,Hour 0.0,LEO_NTN,Sat_STARLINK-SHE-051-006,1280.0,960.0,25.0,34
0,Hour 0.0,LEO_NTN,Sat_STARLINK-SHE-050-006,1280.0,1040.0,18.75,16
0,Hour 0.0,LEO_NTN,Sat_STARLINK-SHE-049-006,1280.0,1160.0,9.38,8
0,Hour 0.0,LEO_NTN,Sat_STARLINK-SHE-061-004,1280.0,1040.0,18.75,19
0,Hour 0.0,LEO_NTN,Sat_STARLINK-SHE-055-005,1280.0,880.0,31.25,49
0,Hour 0.0,LEO_NTN,Sat_STARLINK-SHE-065-003,1280.0,1120.0,12.5,10
0,Hour 0.0,LEO_NTN,Sat_STARLINK-SHE-047-007,1280.0,1240.0,3.12,1
3600,Hour 1.0,5G_TN,Tower_12,100.0,91.89024608683638,8.11,48
3600,Hour 1.0,5G_TN,Tower_2,100.0,90.87940563570271,9.12,24
3600,Hour 1.0,5G_TN,Tower_24,100.0,94.42588810174352,5.57,45
3600,Hour 1.0,5G_TN,Tower_6,100.0,95.02441370615054,4.98,32
3600,Hour 1.0,5G_TN,Tower_45,100.0,93.70914907759497,6.29,17
3600,Hour 1.0,5G_TN,Tower_1,100.0,97.3240938219283,2.68,14
3600,Hour 1.0,5G_TN,Tower_9,100.0,94.72411313138136,5.28,11
3600,Hour 1.0,5G_TN,Tower_14,100.0,99.67116362683548,0.33,5
3600,Hour 1.0,LEO_NTN,Sat_STARLINK-SHE-052-015,1280.0,1200.0,6.25,200
3600,Hour 1.0,LEO_NTN,Sat_STARLINK-SHE-069-011,1280.0,840.0,34.38,126
3600,Hour 1.0,LEO_NTN,Sat_STARLINK-SHE-070-011,1280.0,960.0,25.0,143
3600,Hour 1.0,LEO_NTN,Sat_STARLINK-SHE-064-012,1280.0,1080.0,15.62,20
3600,Hour 1.0,LEO_NTN,Sat_STARLINK-SHE-059-013,1280.0,840.0,34.38,55
3600,Hour 1.0,LEO_NTN,Sat_STARLINK-SHE-058-013,1280.0,920.0,28.12,38
3600,Hour 1.0,LEO_NTN,Sat_STARLINK-SHE-055-014,1280.0,960.0,25.0,33
3600,Hour 1.0,LEO_NTN,Sat_STARLINK-SHE-063-012,1280.0,1080.0,15.62,17
3600,Hour 1.0,LEO_NTN,Sat_STARLINK-SHE-054-014,1280.0,960.0,25.0,22
3600,Hour 1.0,LEO_NTN,Sat_STARLINK-SHE-053-014,1280.0,1000.0,21.88,20
3600,Hour 1.0,LEO_NTN,Sat_STARLINK-SHE-065-012,1280.0,1120.0,12.5,17
3600,Hour 1.0,LEO_NTN,Sat_STARLINK-SHE-051-015,1280.0,1160.0,9.38,11
3600,Hour 1.0,LEO_NTN,Sat_STARLINK-SHE-060-013,1280.0,1160.0,9.38,3
3600,Hour 1.0,LEO_NTN,Sat_STARLINK-SHE-062-012,1280.0,1200.0,6.25,2
3600,Hour 1.0,LEO_NTN,Sat_STARLINK-SHE-057-013,1280.0,1240.0,3.12,1
3600,Hour 1.0,LEO_NTN,Sat_STARLINK-SHE-056-014,1280.0,1240.0,3.12,1
7200,Hour 2.0,5G_TN,Tower_12,100.0,87.72387742338229,12.28,48
7200,Hour 2.0,5G_TN,Tower_2,100.0,95.43690667878668,4.56,22
7200,Hour 2.0,5G_TN,Tower_24,100.0,94.42384047285634,5.58,44
7200,Hour 2.0,5G_TN,Tower_6,100.0,94.89866397866147,5.1,32
7200,Hour 2.0,5G_TN,Tower_45,100.0,94.16182859312603,5.84,17
7200,Hour 2.0,5G_TN,Tower_1,100.0,97.17978464345946,2.82,14
7200,Hour 2.0,5G_TN,Tower_9,100.0,97.7574363658261,2.24,10
7200,Hour 2.0,5G_TN,Tower_14,100.0,99.58299511952795,0.42,5
7200,Hour 2.0,LEO_NTN,Sat_STARLINK-SHE-001-020,1280.0,880.0,31.25,267
7200,Hour 2.0,LEO_NTN,Sat_STARLINK-SHE-055-001,1280.0,1080.0,15.62,99
7200,Hour 2.0,LEO_NTN,Sat_STARLINK-SHE-002-020,1280.0,1160.0,9.38,96
7200,Hour 2.0,LEO_NTN,Sat_STARLINK-SHE-058-000,1280.0,1000.0,21.88,31
7200,Hour 2.0,LEO_NTN,Sat_STARLINK-SHE-063-021,1280.0,960.0,25.0,30
7200,Hour 2.0,LEO_NTN,Sat_STARLINK-SHE-061-021,1280.0,1080.0,15.62,16
7200,Hour 2.0,LEO_NTN,Sat_STARLINK-SHE-059-000,1280.0,880.0,31.25,44
7200,Hour 2.0,LEO_NTN,Sat_STARLINK-SHE-057-000,1280.0,1000.0,21.88,22
7200,Hour 2.0,LEO_NTN,Sat_STARLINK-SHE-068-020,1280.0,1080.0,15.62,18
7200,Hour 2.0,LEO_NTN,Sat_STARLINK-SHE-067-020,1280.0,1040.0,18.75,17
7200,Hour 2.0,LEO_NTN,Sat_STARLINK-SHE-066-020,1280.0,1120.0,12.5,10
7200,Hour 2.0,LEO_NTN,Sat_STARLINK-SHE-062-021,1280.0,800.0,37.5,52
7200,Hour 2.0,LEO_NTN,Sat_STARLINK-SHE-064-021,1280.0,1240.0,3.12,1
7200,Hour 2.0,LEO_NTN,Sat_STARLINK-SHE-054-001,1280.0,1240.0,3.12,1
7200,Hour 2.0,LEO_NTN,Sat_STARLINK-SHE-056-000,1280.0,1240.0,3.12,1
7200,Hour 2.0,LEO_NTN,Sat_STARLINK-SHE-000-020,1280.0,1160.0,9.38,8
10800,Hour 3.0,5G_TN,Tower_12,100.0,90.42439082443435,9.58,46
10800,Hour 3.0,5G_TN,Tower_2,100.0,92.69946452454131,7.3,23
10800,Hour 3.0,5G_TN,Tower_24,100.0,95.66961586608458,4.33,43
10800,Hour 3.0,5G_TN,Tower_6,100.0,95.34548299511547,4.65,31
10800,Hour 3.0,5G_TN,Tower_45,100.0,92.53422440687477,7.47,16
10800,Hour 3.0,5G_TN,Tower_1,100.0,96.10068399071113,3.9,14
10800,Hour 3.0,5G_TN,Tower_9,100.0,97.79315310325346,2.21,10
10800,Hour 3.0,5G_TN,Tower_14,100.0,99.64113310547314,0.36,5
10800,Hour 3.0,LEO_NTN,Sat_STARLINK-SHE-059-009,1280.0,920.0,28.12,310
10800,Hour 3.0,LEO_NTN,Sat_STARLINK-SHE-004-006,1280.0,1080.0,15.62,96
10800,Hour 3.0,LEO_NTN,Sat_STARLINK-SHE-060-009,1280.0,1240.0,3.12,35
10800,Hour 3.0,LEO_NTN,Sat_STARLINK-SHE-062-008,1280.0,1080.0,15.62,18
10800,Hour 3.0,LEO_NTN,Sat_STARLINK-SHE-058-009,1280.0,960.0,25.0,46
10800,Hour 3.0,LEO_NTN,Sat_STARLINK-SHE-067-007,1280.0,1000.0,21.88,26
10800,Hour 3.0,LEO_NTN,Sat_STARLINK-SHE-065-007,1280.0,1040.0,18.75,21
10800,Hour 3.0,LEO_NTN,Sat_STARLINK-SHE-000-007,1280.0,880.0,31.25,43
10800,Hour 3.0,LEO_NTN,Sat_STARLINK-SHE-060-008,1280.0,1080.0,15.62,13
10800,Hour 3.0,LEO_NTN,Sat_STARLINK-SHE-071-006,1280.0,1000.0,21.88,20
10800,Hour 3.0,LEO_NTN,Sat_STARLINK-SHE-070-006,1280.0,1040.0,18.75,16
10800,Hour 3.0,LEO_NTN,Sat_STARLINK-SHE-066-007,1280.0,800.0,37.5,54
10800,Hour 3.0,LEO_NTN,Sat_STARLINK-SHE-063-008,1280.0,1240.0,3.12,3
10800,Hour 3.0,LEO_NTN,Sat_STARLINK-SHE-061-008,1280.0,1080.0,15.62,18
10800,Hour 3.0,LEO_NTN,Sat_STARLINK-SHE-001-007,1280.0,1240.0,3.12,1
14400,Hour 4.0,5G_TN,Tower_12,100.0,91.03114932417604,8.97,48
14400,Hour 4.0,5G_TN,Tower_2,100.0,93.6469050526427,6.35,20
14400,Hour 4.0,5G_TN,Tower_24,100.0,94.0251678908594,5.97,42
14400,Hour 4.0,5G_TN,Tower_6,100.0,95.80237730056481,4.2,32
14400,Hour 4.0,5G_TN,Tower_45,100.0,91.4837554452441,8.52,19
14400,Hour 4.0,5G_TN,Tower_1,100.0,96.62933504510045,3.37,15
14400,Hour 4.0,5G_TN,Tower_9,100.0,94.41011166549214,5.59,10
14400,Hour 4.0,5G_TN,Tower_14,100.0,99.58611250147895,0.41,5
14400,Hour 4.0,LEO_NTN,Sat_STARLINK-SHE-008-014,1280.0,1120.0,12.5,280
14400,Hour 4.0,LEO_NTN,Sat_STARLINK-SHE-063-017,1280.0,1080.0,15.62,129
14400,Hour 4.0,LEO_NTN,Sat_STARLINK-SHE-065-016,1280.0,1040.0,18.75,27
14400,Hour 4.0,LEO_NTN,Sat_STARLINK-SHE-062-017,1280.0,840.0,34.38,72
14400,Hour 4.0,LEO_NTN,Sat_STARLINK-SHE-070-015,1280.0,880.0,31.25,52
14400,Hour 4.0,LEO_NTN,Sat_STARLINK-SHE-069-015,1280.0,920.0,28.12,32
14400,Hour 4.0,LEO_NTN,Sat_STARLINK-SHE-003-015,1280.0,960.0,25.0,33
14400,Hour 4.0,LEO_NTN,Sat_STARLINK-SHE-004-015,1280.0,1040.0,18.75,15
14400,Hour 4.0,LEO_NTN,Sat_STARLINK-SHE-066-016,1280.0,1120.0,12.5,19
14400,Hour 4.0,LEO_NTN,Sat_STARLINK-SHE-064-016,1280.0,1080.0,15.62,21
14400,Hour 4.0,LEO_NTN,Sat_STARLINK-SHE-007-014,1280.0,1200.0,6.25,5
14400,Hour 4.0,LEO_NTN,Sat_STARLINK-SHE-002-015,1280.0,960.0,25.0,20
14400,Hour 4.0,LEO_NTN,Sat_STARLINK-SHE-071-015,1280.0,1160.0,9.38,6
14400,Hour 4.0,LEO_NTN,Sat_STARLINK-SHE-063-016,1280.0,1200.0,6.25,2
14400,Hour 4.0,LEO_NTN,Sat_STARLINK-SHE-001-015,1280.0,1200.0,6.25,4
14400,Hour 4.0,LEO_NTN,Sat_STARLINK-SHE-061-017,1280.0,1200.0,6.25,6
14400,Hour 4.0,LEO_NTN,Sat_STARLINK-SHE-068-015,1280.0,1240.0,3.12,1
18000,Hour 5.0,5G_TN,Tower_12,100.0,83.50003919900831,16.5,47
18000,Hour 5.0,5G_TN,Tower_2,100.0,94.84682857978062,5.15,18
18000,Hour 5.0,5G_TN,Tower_24,100.0,94.58964232776532,5.41,42
18000,Hour 5.0,5G_TN,Tower_6,100.0,94.33295965668272,5.67,32
18000,Hour 5.0,5G_TN,Tower_45,100.0,94.37254647230517,5.63,17
18000,Hour 5.0,5G_TN,Tower_1,100.0,95.75305183113656,4.25,15
18000,Hour 5.0,5G_TN,Tower_9,100.0,93.85335962904195,6.15,9
18000,Hour 5.0,5G_TN,Tower_14,100.0,99.69124393737951,0.31,4
18000,Hour 5.0,LEO_NTN,Sat_STARLINK-SHE-066-003,1280.0,840.0,34.38,331
18000,Hour 5.0,LEO_NTN,Sat_STARLINK-SHE-011-000,1280.0,1080.0,15.62,100
18000,Hour 5.0,LEO_NTN,Sat_STARLINK-SHE-067-003,1280.0,1240.0,3.12,36
18000,Hour 5.0,LEO_NTN,Sat_STARLINK-SHE-069-002,1280.0,1040.0,18.75,26
18000,Hour 5.0,LEO_NTN,Sat_STARLINK-SHE-067-002,1280.0,1120.0,12.5,13
18000,Hour 5.0,LEO_NTN,Sat_STARLINK-SHE-065-003,1280.0,1000.0,21.88,36
18000,Hour 5.0,LEO_NTN,Sat_STARLINK-SHE-002-002,1280.0,920.0,28.12,32
18000,Hour 5.0,LEO_NTN,Sat_STARLINK-SHE-007-001,1280.0,920.0,28.12,40
18000,Hour 5.0,LEO_NTN,Sat_STARLINK-SHE-070-002,1280.0,1160.0,9.38,14
18000,Hour 5.0,LEO_NTN,Sat_STARLINK-SHE-068-002,1280.0,1040.0,18.75,27
18000,Hour 5.0,LEO_NTN,Sat_STARLINK-SHE-001-002,1280.0,880.0,31.25,43
18000,Hour 5.0,LEO_NTN,Sat_STARLINK-SHE-005-001,1280.0,1080.0,15.62,12
18000,Hour 5.0,LEO_NTN,Sat_STARLINK-SHE-000-002,1280.0,1200.0,6.25,7
18000,Hour 5.0,LEO_NTN,Sat_STARLINK-SHE-006-001,1280.0,1000.0,21.88,20
18000,Hour 5.0,LEO_NTN,Sat_STARLINK-SHE-003-002,1280.0,1240.0,3.12,1
18000,Hour 5.0,LEO_NTN,Sat_STARLINK-SHE-008-001,1280.0,1200.0,6.25,2
21600,Hour 6.0,5G_TN,Tower_12,100.0,89.34345081187715,10.66,46
21600,Hour 6.0,5G_TN,Tower_2,100.0,88.38436956858304,11.62,19
21600,Hour 6.0,5G_TN,Tower_24,100.0,92.56054309847482,7.44,47
21600,Hour 6.0,5G_TN,Tower_6,100.0,93.90299342606156,6.1,31
21600,Hour 6.0,5G_TN,Tower_45,100.0,94.24948922236847,5.75,17
21600,Hour 6.0,5G_TN,Tower_1,100.0,96.73968264976499,3.26,12
21600,Hour 6.0,5G_TN,Tower_9,100.0,95.01132950445368,4.99,8
21600,Hour 6.0,5G_TN,Tower_14,100.0,99.62829111647895,0.37,4
21600,Hour 6.0,LEO_NTN,Sat_STARLINK-SHE-069-011,1280.0,840.0,34.38,332
21600,Hour 6.0,LEO_NTN,Sat_STARLINK-SHE-070-011,1280.0,1040.0,18.75,145
21600,Hour 6.0,LEO_NTN,Sat_STARLINK-SHE-001-011,1280.0,1040.0,18.75,29
21600,Hour 6.0,LEO_NTN,Sat_STARLINK-SHE-010-009,1280.0,1120.0,12.5,18
21600,Hour 6.0,LEO_NTN,Sat_STARLINK-SHE-011-009,1280.0,960.0,25.0,37
21600,Hour 6.0,LEO_NTN,Sat_STARLINK-SHE-006-010,1280.0,1040.0,18.75,20
21600,Hour 6.0,LEO_NTN,Sat_STARLINK-SHE-015-008,1280.0,1200.0,6.25,17
21600,Hour 6.0,LEO_NTN,Sat_STARLINK-SHE-071-010,1280.0,1040.0,18.75,31
21600,Hour 6.0,LEO_NTN,Sat_STARLINK-SHE-004-010,1280.0,1080.0,15.62,12
21600,Hour 6.0,LEO_NTN,Sat_STARLINK-SHE-005-010,1280.0,840.0,34.38,50
21600,Hour 6.0,LEO_NTN,Sat_STARLINK-SHE-000-011,1280.0,960.0,25.0,33
21600,Hour 6.0,LEO_NTN,Sat_STARLINK-SHE-014-008,1280.0,1200.0,6.25,5
21600,Hour 6.0,LEO_NTN,Sat_STARLINK-SHE-067-011,1280.0,1200.0,6.25,3
21600,Hour 6.0,LEO_NTN,Sat_STARLINK-SHE-009-009,1280.0,1160.0,9.38,7
21600,Hour 6.0,LEO_NTN,Sat_STARLINK-SHE-066-011,1280.0,1240.0,3.12,1
21600,Hour 6.0,LEO_NTN,Sat_STARLINK-SHE-068-011,1280.0,1200.0,6.25,7
21600,Hour 6.0,LEO_NTN,Sat_STARLINK-SHE-002-011,1280.0,1240.0,3.12,3
25200,Hour 7.0,5G_TN,Tower_12,100.0,83.88456116000569,16.12,49
25200,Hour 7.0,5G_TN,Tower_2,100.0,93.03177975503975,6.97,19
25200,Hour 7.0,5G_TN,Tower_24,100.0,91.20987206871976,8.79,42
25200,Hour 7.0,5G_TN,Tower_6,100.0,94.06003604424532,5.94,24
25200,Hour 7.0,5G_TN,Tower_45,100.0,83.99593811215904,16.0,21
25200,Hour 7.0,5G_TN,Tower_1,100.0,95.18280296390792,4.82,14
25200,Hour 7.0,5G_TN,Tower_9,100.0,90.87161256888776,9.13,12
25200,Hour 7.0,5G_TN,Tower_14,100.0,99.68779939019907,0.31,3
25200,Hour 7.0,LEO_NTN,Sat_STARLINK-SHE-015-017,1280.0,800.0,37.5,327
25200,Hour 7.0,LEO_NTN,Sat_STARLINK-SHE-069-020,1280.0,1120.0,12.5,98
25200,Hour 7.0,LEO_NTN,Sat_STARLINK-SHE-016-017,1280.0,1200.0,6.25,56
25200,Hour 7.0,LEO_NTN,Sat_STARLINK-SHE-009-018,1280.0,960.0,25.0,29
25200,Hour 7.0,LEO_NTN,Sat_STARLINK-SHE-014-017,1280.0,1080.0,15.62,31
25200,Hour 7.0,LEO_NTN,Sat_STARLINK-SHE-008-018,1280.0,1040.0,18.75,29
25200,Hour 7.0,LEO_NTN,Sat_STARLINK-SHE-000-020,1280.0,1040.0,18.75,34
25200,Hour 7.0,LEO_NTN,Sat_STARLINK-SHE-004-019,1280.0,880.0,31.25,54
25200,Hour 7.0,LEO_NTN,Sat_STARLINK-SHE-001-020,1280.0,1120.0,12.5,12
25200,Hour 7.0,LEO_NTN,Sat_STARLINK-SHE-070-019,1280.0,1120.0,12.5,9
25200,Hour 7.0,LEO_NTN,Sat_STARLINK-SHE-003-019,1280.0,1040.0,18.75,23
25200,Hour 7.0,LEO_NTN,Sat_STARLINK-SHE-010-018,1280.0,1080.0,15.62,25
25200,Hour 7.0,LEO_NTN,Sat_STARLINK-SHE-071-019,1280.0,1000.0,21.88,21
25200,Hour 7.0,LEO_NTN,Sat_STARLINK-SHE-005-019,1280.0,1160.0,9.38,5
25200,Hour 7.0,LEO_NTN,Sat_STARLINK-SHE-068-020,1280.0,1240.0,3.12,1
25200,Hour 7.0,LEO_NTN,Sat_STARLINK-SHE-007-018,1280.0,1200.0,6.25,2
25200,Hour 7.0,LEO_NTN,Sat_STARLINK-SHE-002-019,1280.0,1240.0,3.12,1
28800,Hour 8.0,5G_TN,Tower_12,100.0,84.33795565185315,15.66,50
28800,Hour 8.0,5G_TN,Tower_2,100.0,85.56923852336934,14.43,18
28800,Hour 8.0,5G_TN,Tower_24,100.0,90.93784468660908,9.06,37
28800,Hour 8.0,5G_TN,Tower_6,100.0,92.30042815570744,7.7,25
28800,Hour 8.0,5G_TN,Tower_45,100.0,93.69194170346924,6.31,18
28800,Hour 8.0,5G_TN,Tower_1,100.0,94.98854715790776,5.01,12
28800,Hour 8.0,5G_TN,Tower_9,100.0,94.27224831629476,5.73,10
28800,Hour 8.0,5G_TN,Tower_14,100.0,99.55372043698407,0.45,3
28800,Hour 8.0,LEO_NTN,Sat_STARLINK-SHE-001-007,1280.0,1200.0,6.25,158
28800,Hour 8.0,LEO_NTN,Sat_STARLINK-SHE-000-007,1280.0,1120.0,12.5,108
28800,Hour 8.0,LEO_NTN,Sat_STARLINK-SHE-019-003,1280.0,1000.0,21.88,179
28800,Hour 8.0,LEO_NTN,Sat_STARLINK-SHE-013-004,1280.0,1040.0,18.75,29
28800,Hour 8.0,LEO_NTN,Sat_STARLINK-SHE-018-003,1280.0,840.0,34.38,84
28800,Hour 8.0,LEO_NTN,Sat_STARLINK-SHE-006-005,1280.0,1200.0,6.25,9
28800,Hour 8.0,LEO_NTN,Sat_STARLINK-SHE-007-005,1280.0,880.0,31.25,52
28800,Hour 8.0,LEO_NTN,Sat_STARLINK-SHE-003-006,1280.0,1000.0,21.88,19
28800,Hour 8.0,LEO_NTN,Sat_STARLINK-SHE-008-005,1280.0,920.0,28.12,36
28800,Hour 8.0,LEO_NTN,Sat_STARLINK-SHE-004-006,1280.0,960.0,25.0,36
28800,Hour 8.0,LEO_NTN,Sat_STARLINK-SHE-012-004,1280.0,1040.0,18.75,26
28800,Hour 8.0,LEO_NTN,Sat_STARLINK-SHE-002-006,1280.0,960.0,25.0,20
28800,Hour 8.0,LEO_NTN,Sat_STARLINK-SHE-011-004,1280.0,1160.0,9.38,6
28800,Hour 8.0,LEO_NTN,Sat_STARLINK-SHE-014-004,1280.0,1160.0,9.38,15
28800,Hour 8.0,LEO_NTN,Sat_STARLINK-SHE-009-005,1280.0,1240.0,3.12,1
32400,Hour 9.0,5G_TN,Tower_12,100.0,79.82538198716156,20.17,43
32400,Hour 9.0,5G_TN,Tower_2,100.0,88.64137698437742,11.36,18
32400,Hour 9.0,5G_TN,Tower_24,100.0,89.08284981421941,10.92,32
32400,Hour 9.0,5G_TN,Tower_6,100.0,91.89406692909135,8.11,24
32400,Hour 9.0,5G_TN,Tower_45,100.0,76.25016070763716,23.75,17
32400,Hour 9.0,5G_TN,Tower_1,100.0,96.97846826135248,3.02,10
32400,Hour 9.0,5G_TN,Tower_9,100.0,89.35085426920897,10.65,10
32400,Hour 9.0,5G_TN,Tower_14,100.0,99.17193188675981,0.83,4
32400,Hour 9.0,LEO_NTN,Sat_STARLINK-SHE-004-015,1280.0,1080.0,15.62,261
32400,Hour 9.0,LEO_NTN,Sat_STARLINK-SHE-023-011,1280.0,1160.0,9.38,126
32400,Hour 9.0,LEO_NTN,Sat_STARLINK-SHE-022-011,1280.0,800.0,37.5,130
32400,Hour 9.0,LEO_NTN,Sat_STARLINK-SHE-021-011,1280.0,1120.0,12.5,24
32400,Hour 9.0,LEO_NTN,Sat_STARLINK-SHE-017-012,1280.0,1080.0,15.62,26
32400,Hour 9.0,LEO_NTN,Sat_STARLINK-SHE-007-014,1280.0,880.0,31.25,37
32400,Hour 9.0,LEO_NTN,Sat_STARLINK-SHE-010-013,1280.0,1080.0,15.62,24
32400,Hour 9.0,LEO_NTN,Sat_STARLINK-SHE-012-013,1280.0,1040.0,18.75,25
32400,Hour 9.0,LEO_NTN,Sat_STARLINK-SHE-008-014,1280.0,1000.0,21.88,28
32400,Hour 9.0,LEO_NTN,Sat_STARLINK-SHE-015-012,1280.0,1160.0,9.38,15
32400,Hour 9.0,LEO_NTN,Sat_STARLINK-SHE-011-013,1280.0,800.0,37.5,54
32400,Hour 9.0,LEO_NTN,Sat_STARLINK-SHE-005-014,1280.0,1120.0,12.5,9
32400,Hour 9.0,LEO_NTN,Sat_STARLINK-SHE-006-014,1280.0,1000.0,21.88,23
32400,Hour 9.0,LEO_NTN,Sat_STARLINK-SHE-016-012,1280.0,1120.0,12.5,12
32400,Hour 9.0,LEO_NTN,Sat_STARLINK-SHE-003-015,1280.0,1240.0,3.12,1
36000,Hour 10.0,5G_TN,Tower_12,100.0,72.98730678249235,27.01,42
36000,Hour 10.0,5G_TN,Tower_2,100.0,81.70278678152859,18.3,18
36000,Hour 10.0,5G_TN,Tower_24,100.0,86.22089978188674,13.78,35
36000,Hour 10.0,5G_TN,Tower_6,100.0,91.0988994523085,8.9,24
36000,Hour 10.0,5G_TN,Tower_45,100.0,86.32198919976256,13.68,20
36000,Hour 10.0,5G_TN,Tower_1,100.0,94.39335595504583,5.61,10
36000,Hour 10.0,5G_TN,Tower_9,100.0,86.02090704297416,13.98,11
36000,Hour 10.0,5G_TN,Tower_14,100.0,99.00993185958083,0.99,5
36000,Hour 10.0,LEO_NTN,Sat_STARLINK-SHE-008-001,1280.0,1160.0,9.38,171
36000,Hour 10.0,LEO_NTN,Sat_STARLINK-SHE-025-019,1280.0,840.0,34.38,163
36000,Hour 10.0,LEO_NTN,Sat_STARLINK-SHE-026-019,1280.0,1000.0,21.88,172
36000,Hour 10.0,LEO_NTN,Sat_STARLINK-SHE-020-020,1280.0,1000.0,21.88,29
36000,Hour 10.0,LEO_NTN,Sat_STARLINK-SHE-009-000,1280.0,1080.0,15.62,12
36000,Hour 10.0,LEO_NTN,Sat_STARLINK-SHE-021-020,1280.0,1040.0,18.75,25
36000,Hour 10.0,LEO_NTN,Sat_STARLINK-SHE-014-021,1280.0,1000.0,21.88,28
36000,Hour 10.0,LEO_NTN,Sat_STARLINK-SHE-016-021,1280.0,1080.0,15.62,21
36000,Hour 10.0,LEO_NTN,Sat_STARLINK-SHE-011-000,1280.0,960.0,25.0,40
36000,Hour 10.0,LEO_NTN,Sat_STARLINK-SHE-019-020,1280.0,1000.0,21.88,30
36000,Hour 10.0,LEO_NTN,Sat_STARLINK-SHE-007-001,1280.0,1160.0,9.38,17
36000,Hour 10.0,LEO_NTN,Sat_STARLINK-SHE-015-021,1280.0,840.0,34.38,56
36000,Hour 10.0,LEO_NTN,Sat_STARLINK-SHE-010-000,1280.0,1080.0,15.62,15
36000,Hour 10.0,LEO_NTN,Sat_STARLINK-SHE-018-020,1280.0,1240.0,3.12,1
36000,Hour 10.0,LEO_NTN,Sat_STARLINK-SHE-012-000,1280.0,1240.0,3.12,1
36000,Hour 10.0,LEO_NTN,Sat_STARLINK-SHE-024-019,1280.0,1240.0,3.12,1
39600,Hour 11.0,5G_TN,Tower_12,100.0,70.76264205416581,29.24,43
39600,Hour 11.0,5G_TN,Tower_2,100.0,80.31475968906717,19.69,22
39600,Hour 11.0,5G_TN,Tower_24,100.0,87.17151663424828,12.83,37
39600,Hour 11.0,5G_TN,Tower_6,100.0,88.80582537816777,11.19,25
39600,Hour 11.0,5G_TN,Tower_45,100.0,91.56392952720847,8.44,13
39600,Hour 11.0,5G_TN,Tower_1,100.0,95.04899143745658,4.95,12
39600,Hour 11.0,5G_TN,Tower_9,100.0,78.97455521185553,21.03,8
39600,Hour 11.0,5G_TN,Tower_14,100.0,98.63356431504666,1.37,6
39600,Hour 11.0,LEO_NTN,Sat_STARLINK-SHE-029-005,1280.0,1120.0,12.5,152
39600,Hour 11.0,LEO_NTN,Sat_STARLINK-SHE-011-009,1280.0,760.0,40.62,200
39600,Hour 11.0,LEO_NTN,Sat_STARLINK-SHE-012-009,1280.0,1120.0,12.5,157
39600,Hour 11.0,LEO_NTN,Sat_STARLINK-SHE-024-006,1280.0,920.0,28.12,45
39600,Hour 11.0,LEO_NTN,Sat_STARLINK-SHE-019-007,1280.0,920.0,28.12,46
39600,Hour 11.0,LEO_NTN,Sat_STARLINK-SHE-013-008,1280.0,1080.0,15.62,28
39600,Hour 11.0,LEO_NTN,Sat_STARLINK-SHE-014-008,1280.0,1120.0,12.5,22
39600,Hour 11.0,LEO_NTN,Sat_STARLINK-SHE-018-007,1280.0,840.0,34.38,49
39600,Hour 11.0,LEO_NTN,Sat_STARLINK-SHE-015-008,1280.0,1120.0,12.5,16
39600,Hour 11.0,LEO_NTN,Sat_STARLINK-SHE-022-006,1280.0,1160.0,9.38,7
39600,Hour 11.0,LEO_NTN,Sat_STARLINK-SHE-025-006,1280.0,1120.0,12.5,13
39600,Hour 11.0,LEO_NTN,Sat_STARLINK-SHE-023-006,1280.0,960.0,25.0,24
39600,Hour 11.0,LEO_NTN,Sat_STARLINK-SHE-010-009,1280.0,1160.0,9.38,11
39600,Hour 11.0,LEO_NTN,Sat_STARLINK-SHE-020-007,1280.0,1240.0,3.12,1
39600,Hour 11.0,LEO_NTN,Sat_STARLINK-SHE-028-005,1280.0,1200.0,6.25,4
39600,Hour 11.0,LEO_NTN,Sat_STARLINK-SHE-012-008,1280.0,1200.0,6.25,2
39600,Hour 11.0,LEO_NTN,Sat_STARLINK-SHE-017-007,1280.0,1240.0,3.12,1
43200,Hour 12.0,5G_TN,Tower_12,100.0,81.56324263626318,18.44,32
43200,Hour 12.0,5G_TN,Tower_2,100.0,75.0561201359196,24.94,24
43200,Hour 12.0,5G_TN,Tower_24,100.0,83.70056325696646,16.3,37
43200,Hour 12.0,5G_TN,Tower_6,100.0,86.42894128525292,13.57,28
43200,Hour 12.0,5G_TN,Tower_45,100.0,87.93176868687812,12.07,16
43200,Hour 12.0,5G_TN,Tower_1,100.0,96.22626843323161,3.77,9
43200,Hour 12.0,5G_TN,Tower_9,100.0,87.73635269589245,12.26,9
43200,Hour 12.0,5G_TN,Tower_14,100.0,99.15012190352348,0.85,4
43200,Hour 12.0,LEO_NTN,Sat_STARLINK-SHE-015-017,1280.0,880.0,31.25,346
43200,Hour 12.0,LEO_NTN,Sat_STARLINK-SHE-032-013,1280.0,1080.0,15.62,101
43200,Hour 12.0,LEO_NTN,Sat_STARLINK-SHE-014-017,1280.0,920.0,28.12,79
43200,Hour 12.0,LEO_NTN,Sat_STARLINK-SHE-028-014,1280.0,920.0,28.12,46
43200,Hour 12.0,LEO_NTN,Sat_STARLINK-SHE-016-016,1280.0,1120.0,12.5,14
43200,Hour 12.0,LEO_NTN,Sat_STARLINK-SHE-021-015,1280.0,1160.0,9.38,14
43200,Hour 12.0,LEO_NTN,Sat_STARLINK-SHE-018-016,1280.0,1040.0,18.75,29
43200,Hour 12.0,LEO_NTN,Sat_STARLINK-SHE-026-014,1280.0,1040.0,18.75,18
43200,Hour 12.0,LEO_NTN,Sat_STARLINK-SHE-022-015,1280.0,800.0,37.5,55
43200,Hour 12.0,LEO_NTN,Sat_STARLINK-SHE-017-016,1280.0,1080.0,15.62,22
43200,Hour 12.0,LEO_NTN,Sat_STARLINK-SHE-023-015,1280.0,960.0,25.0,24
43200,Hour 12.0,LEO_NTN,Sat_STARLINK-SHE-027-014,1280.0,1000.0,21.88,23
43200,Hour 12.0,LEO_NTN,Sat_STARLINK-SHE-019-016,1280.0,1200.0,6.25,7
43200,Hour 12.0,LEO_NTN,Sat_STARLINK-SHE-029-014,1280.0,1240.0,3.12,1
46800,Hour 13.0,5G_TN,Tower_12,100.0,72.85239227735111,27.15,36
46800,Hour 13.0,5G_TN,Tower_2,100.0,78.27656886324917,21.72,23
46800,Hour 13.0,5G_TN,Tower_24,100.0,84.30443764657507,15.7,35
46800,Hour 13.0,5G_TN,Tower_6,100.0,88.10715037265193,11.89,27
46800,Hour 13.0,5G_TN,Tower_45,100.0,68.26630092120271,31.73,16
46800,Hour 13.0,5G_TN,Tower_1,100.0,93.90702119717848,6.09,13
46800,Hour 13.0,5G_TN,Tower_9,100.0,96.35353277774837,3.65,4
46800,Hour 13.0,5G_TN,Tower_14,100.0,98.75469493459502,1.25,4
46800,Hour 13.0,LEO_NTN,Sat_STARLINK-SHE-018-003,1280.0,760.0,40.62,324
46800,Hour 13.0,LEO_NTN,Sat_STARLINK-SHE-019-003,1280.0,1080.0,15.62,160
46800,Hour 13.0,LEO_NTN,Sat_STARLINK-SHE-031-000,1280.0,960.0,25.0,33
46800,Hour 13.0,LEO_NTN,Sat_STARLINK-SHE-032-000,1280.0,1000.0,21.88,35
46800,Hour 13.0,LEO_NTN,Sat_STARLINK-SHE-020-002,1280.0,920.0,28.12,36
46800,Hour 13.0,LEO_NTN,Sat_STARLINK-SHE-021-002,1280.0,1000.0,21.88,27
46800,Hour 13.0,LEO_NTN,Sat_STARLINK-SHE-025-001,1280.0,1080.0,15.62,23
46800,Hour 13.0,LEO_NTN,Sat_STARLINK-SHE-036-021,1280.0,1200.0,6.25,18
46800,Hour 13.0,LEO_NTN,Sat_STARLINK-SHE-022-002,1280.0,1080.0,15.62,23
46800,Hour 13.0,LEO_NTN,Sat_STARLINK-SHE-026-001,1280.0,920.0,28.12,45
46800,Hour 13.0,LEO_NTN,Sat_STARLINK-SHE-027-001,1280.0,1040.0,18.75,14
46800,Hour 13.0,LEO_NTN,Sat_STARLINK-SHE-030-000,1280.0,1040.0,18.75,18
46800,Hour 13.0,LEO_NTN,Sat_STARLINK-SHE-035-021,1280.0,1200.0,6.25,6
46800,Hour 13.0,LEO_NTN,Sat_STARLINK-SHE-017-003,1280.0,1200.0,6.25,9
46800,Hour 13.0,LEO_NTN,Sat_STARLINK-SHE-029-000,1280.0,1240.0,3.12,1
50400,Hour 14.0,5G_TN,Tower_12,100.0,53.44717427933909,46.55,42
50400,Hour 14.0,5G_TN,Tower_2,100.0,81.96416582144418,18.04,27
50400,Hour 14.0,5G_TN,Tower_24,100.0,84.48309209690994,15.52,35
50400,Hour 14.0,5G_TN,Tower_6,100.0,88.88510322281013,11.11,26
50400,Hour 14.0,5G_TN,Tower_45,100.0,91.40050285529007,8.6,15
50400,Hour 14.0,5G_TN,Tower_1,100.0,91.57420328462823,8.43,13
50400,Hour 14.0,5G_TN,Tower_9,100.0,93.11357709233948,6.89,7
50400,Hour 14.0,5G_TN,Tower_14,100.0,99.24964587603992,0.75,4
50400,Hour 14.0,LEO_NTN,Sat_STARLINK-SHE-022-011,1280.0,880.0,31.25,318
50400,Hour 14.0,LEO_NTN,Sat_STARLINK-SHE-039-007,1280.0,1080.0,15.62,105
50400,Hour 14.0,LEO_NTN,Sat_STARLINK-SHE-023-011,1280.0,1240.0,3.12,41
50400,Hour 14.0,LEO_NTN,Sat_STARLINK-SHE-035-008,1280.0,1080.0,15.62,23
50400,Hour 14.0,LEO_NTN,Sat_STARLINK-SHE-021-011,1280.0,920.0,28.12,55
50400,Hour 14.0,LEO_NTN,Sat_STARLINK-SHE-029-009,1280.0,1000.0,21.88,35
50400,Hour 14.0,LEO_NTN,Sat_STARLINK-SHE-030-009,1280.0,960.0,25.0,38
50400,Hour 14.0,LEO_NTN,Sat_STARLINK-SHE-031-009,1280.0,1120.0,12.5,7
50400,Hour 14.0,LEO_NTN,Sat_STARLINK-SHE-024-010,1280.0,1000.0,21.88,35
50400,Hour 14.0,LEO_NTN,Sat_STARLINK-SHE-036-008,1280.0,1120.0,12.5,23
50400,Hour 14.0,LEO_NTN,Sat_STARLINK-SHE-019-011,1280.0,1080.0,15.62,13
50400,Hour 14.0,LEO_NTN,Sat_STARLINK-SHE-025-010,1280.0,880.0,31.25,39
50400,Hour 14.0,LEO_NTN,Sat_STARLINK-SHE-020-011,1280.0,1080.0,15.62,16
50400,Hour 14.0,LEO_NTN,Sat_STARLINK-SHE-028-009,1280.0,1200.0,6.25,2
50400,Hour 14.0,LEO_NTN,Sat_STARLINK-SHE-026-010,1280.0,1120.0,12.5,12
50400,Hour 14.0,LEO_NTN,Sat_STARLINK-SHE-023-010,1280.0,1240.0,3.12,1
54000,Hour 15.0,5G_TN,Tower_12,100.0,77.30494290526296,22.7,43
54000,Hour 15.0,5G_TN,Tower_2,100.0,80.43603339524851,19.56,25
54000,Hour 15.0,5G_TN,Tower_24,100.0,86.82968033426502,13.17,34
54000,Hour 15.0,5G_TN,Tower_6,100.0,88.60658462032589,11.39,29
54000,Hour 15.0,5G_TN,Tower_45,100.0,85.86064255023899,14.14,14
54000,Hour 15.0,5G_TN,Tower_1,100.0,93.51223100209971,6.49,11
54000,Hour 15.0,5G_TN,Tower_9,100.0,88.5724319211143,11.43,10
54000,Hour 15.0,5G_TN,Tower_14,100.0,98.89066925077901,1.11,5
54000,Hour 15.0,LEO_NTN,Sat_STARLINK-SHE-039-016,1280.0,760.0,40.62,330
54000,Hour 15.0,LEO_NTN,Sat_STARLINK-SHE-040-016,1280.0,1040.0,18.75,168
54000,Hour 15.0,LEO_NTN,Sat_STARLINK-SHE-024-019,1280.0,960.0,25.0,29
54000,Hour 15.0,LEO_NTN,Sat_STARLINK-SHE-032-017,1280.0,1080.0,15.62,24
54000,Hour 15.0,LEO_NTN,Sat_STARLINK-SHE-025-019,1280.0,960.0,25.0,34
54000,Hour 15.0,LEO_NTN,Sat_STARLINK-SHE-021-020,1280.0,1120.0,12.5,24
54000,Hour 15.0,LEO_NTN,Sat_STARLINK-SHE-034-017,1280.0,1000.0,21.88,29
54000,Hour 15.0,LEO_NTN,Sat_STARLINK-SHE-033-017,1280.0,1000.0,21.88,25
54000,Hour 15.0,LEO_NTN,Sat_STARLINK-SHE-029-018,1280.0,920.0,28.12,26
54000,Hour 15.0,LEO_NTN,Sat_STARLINK-SHE-027-018,1280.0,1200.0,6.25,9
54000,Hour 15.0,LEO_NTN,Sat_STARLINK-SHE-028-018,1280.0,880.0,31.25,45
54000,Hour 15.0,LEO_NTN,Sat_STARLINK-SHE-023-019,1280.0,1080.0,15.62,17
54000,Hour 15.0,LEO_NTN,Sat_STARLINK-SHE-035-017,1280.0,1240.0,3.12,5
54000,Hour 15.0,LEO_NTN,Sat_STARLINK-SHE-022-019,1280.0,1240.0,3.12,1
54000,Hour 15.0,LEO_NTN,Sat_STARLINK-SHE-038-016,1280.0,1240.0,3.12,2
57600,Hour 16.0,5G_TN,Tower_12,100.0,75.24240113240917,24.76,45
57600,Hour 16.0,5G_TN,Tower_2,100.0,61.46834232559042,38.53,21
57600,Hour 16.0,5G_TN,Tower_24,100.0,90.53273915771673,9.47,35
57600,Hour 16.0,5G_TN,Tower_6,100.0,89.24802921815905,10.75,30
57600,Hour 16.0,5G_TN,Tower_45,100.0,81.54814675499718,18.45,17
57600,Hour 16.0,5G_TN,Tower_1,100.0,90.5936355832727,9.41,13
57600,Hour 16.0,5G_TN,Tower_9,100.0,95.07558427179724,4.92,9
57600,Hour 16.0,5G_TN,Tower_14,100.0,98.9468530121032,1.05,4
57600,Hour 16.0,LEO_NTN,Sat_STARLINK-SHE-025-006,1280.0,1120.0,12.5,237
57600,Hour 16.0,LEO_NTN,Sat_STARLINK-SHE-044-002,1280.0,1200.0,6.25,63
57600,Hour 16.0,LEO_NTN,Sat_STARLINK-SHE-043-002,1280.0,840.0,34.38,178
57600,Hour 16.0,LEO_NTN,Sat_STARLINK-SHE-042-002,1280.0,1080.0,15.62,35
57600,Hour 16.0,LEO_NTN,Sat_STARLINK-SHE-028-005,1280.0,960.0,25.0,37
57600,Hour 16.0,LEO_NTN,Sat_STARLINK-SHE-031-004,1280.0,1040.0,18.75,29
57600,Hour 16.0,LEO_NTN,Sat_STARLINK-SHE-032-004,1280.0,840.0,34.38,50
57600,Hour 16.0,LEO_NTN,Sat_STARLINK-SHE-026-005,1280.0,1160.0,9.38,9
57600,Hour 16.0,LEO_NTN,Sat_STARLINK-SHE-029-005,1280.0,1120.0,12.5,15
57600,Hour 16.0,LEO_NTN,Sat_STARLINK-SHE-038-003,1280.0,1040.0,18.75,22
57600,Hour 16.0,LEO_NTN,Sat_STARLINK-SHE-036-003,1280.0,1080.0,15.62,18
57600,Hour 16.0,LEO_NTN,Sat_STARLINK-SHE-037-003,1280.0,1000.0,21.88,29
57600,Hour 16.0,LEO_NTN,Sat_STARLINK-SHE-033-004,1280.0,1000.0,21.88,16
57600,Hour 16.0,LEO_NTN,Sat_STARLINK-SHE-027-005,1280.0,1040.0,18.75,21
57600,Hour 16.0,LEO_NTN,Sat_STARLINK-SHE-024-006,1280.0,1200.0,6.25,6
61200,Hour 17.0,5G_TN,Tower_12,100.0,73.84523489188192,26.15,42
61200,Hour 17.0,5G_TN,Tower_2,100.0,74.56350780739774,25.44,23
61200,Hour 17.0,5G_TN,Tower_24,100.0,80.65254071601892,19.35,43
61200,Hour 17.0,5G_TN,Tower_6,100.0,87.12444137831258,12.88,28
61200,Hour 17.0,5G_TN,Tower_45,100.0,84.54852161719066,15.45,17
61200,Hour 17.0,5G_TN,Tower_1,100.0,87.53736540588771,12.46,16
61200,Hour 17.0,5G_TN,Tower_9,100.0,95.94927288554983,4.05,9
61200,Hour 17.0,5G_TN,Tower_14,100.0,98.7920168559586,1.21,3
61200,Hour 17.0,LEO_NTN,Sat_STARLINK-SHE-029-014,1280.0,1240.0,3.12,128
61200,Hour 17.0,LEO_NTN,Sat_STARLINK-SHE-028-014,1280.0,1080.0,15.62,102
61200,Hour 17.0,LEO_NTN,Sat_STARLINK-SHE-047-010,1280.0,1000.0,21.88,182
61200,Hour 17.0,LEO_NTN,Sat_STARLINK-SHE-046-010,1280.0,840.0,34.38,91
61200,Hour 17.0,LEO_NTN,Sat_STARLINK-SHE-036-012,1280.0,800.0,37.5,54
61200,Hour 17.0,LEO_NTN,Sat_STARLINK-SHE-041-011,1280.0,1080.0,15.62,21
61200,Hour 17.0,LEO_NTN,Sat_STARLINK-SHE-035-012,1280.0,920.0,28.12,46
61200,Hour 17.0,LEO_NTN,Sat_STARLINK-SHE-031-013,1280.0,1080.0,15.62,22
61200,Hour 17.0,LEO_NTN,Sat_STARLINK-SHE-030-013,1280.0,960.0,25.0,29
61200,Hour 17.0,LEO_NTN,Sat_STARLINK-SHE-032-013,1280.0,920.0,28.12,41
61200,Hour 17.0,LEO_NTN,Sat_STARLINK-SHE-040-011,1280.0,1080.0,15.62,20
61200,Hour 17.0,LEO_NTN,Sat_STARLINK-SHE-042-011,1280.0,1160.0,9.38,11
61200,Hour 17.0,LEO_NTN,Sat_STARLINK-SHE-037-012,1280.0,1160.0,9.38,3
61200,Hour 17.0,LEO_NTN,Sat_STARLINK-SHE-034-012,1280.0,1240.0,3.12,1
61200,Hour 17.0,LEO_NTN,Sat_STARLINK-SHE-033-013,1280.0,1240.0,3.12,1
64800,Hour 18.0,5G_TN,Tower_12,100.0,52.24369043719565,47.76,40
64800,Hour 18.0,5G_TN,Tower_2,100.0,74.12550569360343,25.87,19
64800,Hour 18.0,5G_TN,Tower_24,100.0,74.33677926216635,25.66,44
64800,Hour 18.0,5G_TN,Tower_6,100.0,85.09661335184094,14.9,25
64800,Hour 18.0,5G_TN,Tower_45,100.0,64.53388730016812,35.47,20
64800,Hour 18.0,5G_TN,Tower_1,100.0,86.5691195244945,13.43,16
64800,Hour 18.0,5G_TN,Tower_9,100.0,91.58184815128593,8.42,10
64800,Hour 18.0,5G_TN,Tower_14,100.0,98.44211076205309,1.56,3
64800,Hour 18.0,LEO_NTN,Sat_STARLINK-SHE-032-000,1280.0,920.0,28.12,258
64800,Hour 18.0,LEO_NTN,Sat_STARLINK-SHE-051-018,1280.0,1240.0,3.12,39
64800,Hour 18.0,LEO_NTN,Sat_STARLINK-SHE-033-000,1280.0,1200.0,6.25,66
64800,Hour 18.0,LEO_NTN,Sat_STARLINK-SHE-050-018,1280.0,1080.0,15.62,90
64800,Hour 18.0,LEO_NTN,Sat_STARLINK-SHE-040-020,1280.0,880.0,31.25,33
64800,Hour 18.0,LEO_NTN,Sat_STARLINK-SHE-045-019,1280.0,960.0,25.0,41
64800,Hour 18.0,LEO_NTN,Sat_STARLINK-SHE-036-021,1280.0,960.0,25.0,41
64800,Hour 18.0,LEO_NTN,Sat_STARLINK-SHE-035-021,1280.0,1040.0,18.75,31
64800,Hour 18.0,LEO_NTN,Sat_STARLINK-SHE-039-020,1280.0,840.0,34.38,53
64800,Hour 18.0,LEO_NTN,Sat_STARLINK-SHE-043-019,1280.0,1080.0,15.62,20
64800,Hour 18.0,LEO_NTN,Sat_STARLINK-SHE-034-021,1280.0,1080.0,15.62,23
64800,Hour 18.0,LEO_NTN,Sat_STARLINK-SHE-038-020,1280.0,1160.0,9.38,16
64800,Hour 18.0,LEO_NTN,Sat_STARLINK-SHE-044-019,1280.0,1080.0,15.62,17
64800,Hour 18.0,LEO_NTN,Sat_STARLINK-SHE-041-020,1280.0,1240.0,3.12,2
64800,Hour 18.0,LEO_NTN,Sat_STARLINK-SHE-049-018,1280.0,1160.0,9.38,8
64800,Hour 18.0,LEO_NTN,Sat_STARLINK-SHE-031-000,1280.0,1200.0,6.25,6
64800,Hour 18.0,LEO_NTN,Sat_STARLINK-SHE-046-019,1280.0,1240.0,3.12,1
68400,Hour 19.0,5G_TN,Tower_12,100.0,39.945400171823266,60.05,38
68400,Hour 19.0,5G_TN,Tower_2,100.0,62.0700674281121,37.93,24
68400,Hour 19.0,5G_TN,Tower_24,100.0,55.37066582115829,44.63,45
68400,Hour 19.0,5G_TN,Tower_6,100.0,78.96101470816156,21.04,27
68400,Hour 19.0,5G_TN,Tower_45,100.0,77.83465440827236,22.17,17
68400,Hour 19.0,5G_TN,Tower_1,100.0,87.73509218020808,12.26,13
68400,Hour 19.0,5G_TN,Tower_9,100.0,87.9366539510178,12.06,7
68400,Hour 19.0,5G_TN,Tower_14,100.0,98.07441537983773,1.93,5
68400,Hour 19.0,LEO_NTN,Sat_STARLINK-SHE-053-004,1280.0,1040.0,18.75,204
68400,Hour 19.0,LEO_NTN,Sat_STARLINK-SHE-036-008,1280.0,920.0,28.12,192
68400,Hour 19.0,LEO_NTN,Sat_STARLINK-SHE-035-008,1280.0,920.0,28.12,72
68400,Hour 19.0,LEO_NTN,Sat_STARLINK-SHE-049-005,1280.0,880.0,31.25,46
68400,Hour 19.0,LEO_NTN,Sat_STARLINK-SHE-039-007,1280.0,1080.0,15.62,24
68400,Hour 19.0,LEO_NTN,Sat_STARLINK-SHE-037-007,1280.0,1160.0,9.38,14
68400,Hour 19.0,LEO_NTN,Sat_STARLINK-SHE-042-006,1280.0,1080.0,15.62,26
68400,Hour 19.0,LEO_NTN,Sat_STARLINK-SHE-044-006,1280.0,1000.0,21.88,21
68400,Hour 19.0,LEO_NTN,Sat_STARLINK-SHE-043-006,1280.0,840.0,34.38,51
68400,Hour 19.0,LEO_NTN,Sat_STARLINK-SHE-048-005,1280.0,1040.0,18.75,28
68400,Hour 19.0,LEO_NTN,Sat_STARLINK-SHE-038-007,1280.0,1040.0,18.75,27
68400,Hour 19.0,LEO_NTN,Sat_STARLINK-SHE-047-005,1280.0,1000.0,21.88,22
68400,Hour 19.0,LEO_NTN,Sat_STARLINK-SHE-040-007,1280.0,1240.0,3.12,1
72000,Hour 20.0,5G_TN,Tower_12,100.0,68.83758964945164,31.16,41
72000,Hour 20.0,5G_TN,Tower_2,100.0,69.80123235987037,30.2,20
72000,Hour 20.0,5G_TN,Tower_24,100.0,74.45457971963658,25.55,44
72000,Hour 20.0,5G_TN,Tower_6,100.0,79.06898550140673,20.93,27
72000,Hour 20.0,5G_TN,Tower_45,100.0,57.29395494973695,42.71,16
72000,Hour 20.0,5G_TN,Tower_1,100.0,89.48929422401538,10.51,11
72000,Hour 20.0,5G_TN,Tower_9,100.0,88.90027347027836,11.1,8
72000,Hour 20.0,5G_TN,Tower_14,100.0,98.72772938571491,1.27,4
72000,Hour 20.0,LEO_NTN,Sat_STARLINK-SHE-057-012,1280.0,1160.0,9.38,115
72000,Hour 20.0,LEO_NTN,Sat_STARLINK-SHE-039-016,1280.0,760.0,40.62,192
72000,Hour 20.0,LEO_NTN,Sat_STARLINK-SHE-040-016,1280.0,1120.0,12.5,137
72000,Hour 20.0,LEO_NTN,Sat_STARLINK-SHE-042-015,1280.0,1040.0,18.75,24
72000,Hour 20.0,LEO_NTN,Sat_STARLINK-SHE-041-015,1280.0,1040.0,18.75,32
72000,Hour 20.0,LEO_NTN,Sat_STARLINK-SHE-047-014,1280.0,880.0,31.25,55
72000,Hour 20.0,LEO_NTN,Sat_STARLINK-SHE-046-014,1280.0,1000.0,21.88,28
72000,Hour 20.0,LEO_NTN,Sat_STARLINK-SHE-052-013,1280.0,920.0,28.12,41
72000,Hour 20.0,LEO_NTN,Sat_STARLINK-SHE-050-013,1280.0,1200.0,6.25,7
72000,Hour 20.0,LEO_NTN,Sat_STARLINK-SHE-051-013,1280.0,1000.0,21.88,24
72000,Hour 20.0,LEO_NTN,Sat_STARLINK-SHE-053-013,1280.0,1040.0,18.75,22
72000,Hour 20.0,LEO_NTN,Sat_STARLINK-SHE-043-015,1280.0,1120.0,12.5,18
72000,Hour 20.0,LEO_NTN,Sat_STARLINK-SHE-056-012,1280.0,1200.0,6.25,9
72000,Hour 20.0,LEO_NTN,Sat_STARLINK-SHE-038-016,1280.0,1160.0,9.38,9
72000,Hour 20.0,LEO_NTN,Sat_STARLINK-SHE-048-014,1280.0,1120.0,12.5,7
72000,Hour 20.0,LEO_NTN,Sat_STARLINK-SHE-045-014,1280.0,1240.0,3.12,1
72000,Hour 20.0,LEO_NTN,Sat_STARLINK-SHE-040-015,1280.0,1240.0,3.12,1
75600,Hour 21.0,5G_TN,Tower_12,100.0,58.45940412362197,41.54,42
75600,Hour 21.0,5G_TN,Tower_2,100.0,62.4825828230852,37.52,23
75600,Hour 21.0,5G_TN,Tower_24,100.0,68.08919852021909,31.91,43
75600,Hour 21.0,5G_TN,Tower_6,100.0,80.57601387054883,19.42,27
75600,Hour 21.0,5G_TN,Tower_45,100.0,75.91477722978671,24.09,16
75600,Hour 21.0,5G_TN,Tower_1,100.0,88.79958510446248,11.2,11
75600,Hour 21.0,5G_TN,Tower_9,100.0,91.32427388220866,8.68,5
75600,Hour 21.0,5G_TN,Tower_14,100.0,99.33678293107624,0.66,2
75600,Hour 21.0,LEO_NTN,Sat_STARLINK-SHE-043-002,1280.0,840.0,34.38,255
75600,Hour 21.0,LEO_NTN,Sat_STARLINK-SHE-060-020,1280.0,1080.0,15.62,108
75600,Hour 21.0,LEO_NTN,Sat_STARLINK-SHE-044-002,1280.0,1240.0,3.12,35
75600,Hour 21.0,LEO_NTN,Sat_STARLINK-SHE-042-002,1280.0,920.0,28.12,72
75600,Hour 21.0,LEO_NTN,Sat_STARLINK-SHE-044-001,1280.0,1160.0,9.38,11
75600,Hour 21.0,LEO_NTN,Sat_STARLINK-SHE-046-001,1280.0,1040.0,18.75,27
75600,Hour 21.0,LEO_NTN,Sat_STARLINK-SHE-051-000,1280.0,960.0,25.0,39
75600,Hour 21.0,LEO_NTN,Sat_STARLINK-SHE-056-021,1280.0,920.0,28.12,45
75600,Hour 21.0,LEO_NTN,Sat_STARLINK-SHE-049-000,1280.0,1200.0,6.25,7
75600,Hour 21.0,LEO_NTN,Sat_STARLINK-SHE-045-001,1280.0,1040.0,18.75,29
75600,Hour 21.0,LEO_NTN,Sat_STARLINK-SHE-054-021,1280.0,1080.0,15.62,18
75600,Hour 21.0,LEO_NTN,Sat_STARLINK-SHE-055-021,1280.0,1000.0,21.88,21
75600,Hour 21.0,LEO_NTN,Sat_STARLINK-SHE-047-001,1280.0,1160.0,9.38,14
75600,Hour 21.0,LEO_NTN,Sat_STARLINK-SHE-050-000,1280.0,920.0,28.12,41
75600,Hour 21.0,LEO_NTN,Sat_STARLINK-SHE-052-000,1280.0,1200.0,6.25,3
75600,Hour 21.0,LEO_NTN,Sat_STARLINK-SHE-057-021,1280.0,1200.0,6.25,5
79200,Hour 22.0,5G_TN,Tower_12,100.0,58.43854785849564,41.56,44
79200,Hour 22.0,5G_TN,Tower_2,100.0,69.26438949525205,30.74,20
79200,Hour 22.0,5G_TN,Tower_24,100.0,80.48609598089227,19.51,38
79200,Hour 22.0,5G_TN,Tower_6,100.0,82.64939813527852,17.35,28
79200,Hour 22.0,5G_TN,Tower_45,100.0,70.03788741858519,29.96,19
79200,Hour 22.0,5G_TN,Tower_1,100.0,91.47359615825785,8.53,10
79200,Hour 22.0,5G_TN,Tower_9,100.0,94.83849929500192,5.16,7
79200,Hour 22.0,5G_TN,Tower_14,100.0,99.4624449406726,0.54,2
79200,Hour 22.0,LEO_NTN,Sat_STARLINK-SHE-060-007,1280.0,720.0,43.75,308
79200,Hour 22.0,LEO_NTN,Sat_STARLINK-SHE-061-007,1280.0,1080.0,15.62,150
79200,Hour 22.0,LEO_NTN,Sat_STARLINK-SHE-055-008,1280.0,1000.0,21.88,36
79200,Hour 22.0,LEO_NTN,Sat_STARLINK-SHE-045-010,1280.0,1040.0,18.75,20
79200,Hour 22.0,LEO_NTN,Sat_STARLINK-SHE-050-009,1280.0,1040.0,18.75,19
79200,Hour 22.0,LEO_NTN,Sat_STARLINK-SHE-048-009,1280.0,1080.0,15.62,18
79200,Hour 22.0,LEO_NTN,Sat_STARLINK-SHE-042-011,1280.0,1160.0,9.38,14
79200,Hour 22.0,LEO_NTN,Sat_STARLINK-SHE-064-006,1280.0,1240.0,3.12,9
79200,Hour 22.0,LEO_NTN,Sat_STARLINK-SHE-046-010,1280.0,1040.0,18.75,23
79200,Hour 22.0,LEO_NTN,Sat_STARLINK-SHE-053-008,1280.0,1040.0,18.75,26
79200,Hour 22.0,LEO_NTN,Sat_STARLINK-SHE-049-009,1280.0,880.0,31.25,53
79200,Hour 22.0,LEO_NTN,Sat_STARLINK-SHE-044-010,1280.0,1000.0,21.88,25
79200,Hour 22.0,LEO_NTN,Sat_STARLINK-SHE-056-008,1280.0,1240.0,3.12,5
79200,Hour 22.0,LEO_NTN,Sat_STARLINK-SHE-054-008,1280.0,1000.0,21.88,29
79200,Hour 22.0,LEO_NTN,Sat_STARLINK-SHE-043-010,1280.0,1240.0,3.12,2
79200,Hour 22.0,LEO_NTN,Sat_STARLINK-SHE-059-007,1280.0,1200.0,6.25,3
82800,Hour 23.0,5G_TN,Tower_12,100.0,50.09088809724539,49.91,41
82800,Hour 23.0,5G_TN,Tower_2,100.0,72.69364862580115,27.31,21
82800,Hour 23.0,5G_TN,Tower_24,100.0,85.22853242870495,14.77,36
82800,Hour 23.0,5G_TN,Tower_6,100.0,87.7915582295607,12.21,27
82800,Hour 23.0,5G_TN,Tower_45,100.0,74.72852206559794,25.27,18
82800,Hour 23.0,5G_TN,Tower_1,100.0,93.63204863282868,6.37,9
82800,Hour 23.0,5G_TN,Tower_9,100.0,96.53230324464566,3.47,5
82800,Hour 23.0,5G_TN,Tower_14,100.0,99.34513443403723,0.65,3
82800,Hour 23.0,LEO_NTN,Sat_STARLINK-SHE-046-019,1280.0,1120.0,12.5,234
82800,Hour 23.0,LEO_NTN,Sat_STARLINK-SHE-064-015,1280.0,880.0,31.25,193
82800,Hour 23.0,LEO_NTN,Sat_STARLINK-SHE-065-015,1280.0,1200.0,6.25,51
82800,Hour 23.0,LEO_NTN,Sat_STARLINK-SHE-063-015,1280.0,1000.0,21.88,30
82800,Hour 23.0,LEO_NTN,Sat_STARLINK-SHE-058-016,1280.0,1040.0,18.75,25
82800,Hour 23.0,LEO_NTN,Sat_STARLINK-SHE-049-018,1280.0,920.0,28.12,46
82800,Hour 23.0,LEO_NTN,Sat_STARLINK-SHE-053-017,1280.0,880.0,31.25,60
82800,Hour 23.0,LEO_NTN,Sat_STARLINK-SHE-052-017,1280.0,1040.0,18.75,21
82800,Hour 23.0,LEO_NTN,Sat_STARLINK-SHE-047-018,1280.0,1120.0,12.5,12
82800,Hour 23.0,LEO_NTN,Sat_STARLINK-SHE-057-016,1280.0,1040.0,18.75,32
82800,Hour 23.0,LEO_NTN,Sat_STARLINK-SHE-059-016,1280.0,1120.0,12.5,19
82800,Hour 23.0,LEO_NTN,Sat_STARLINK-SHE-048-018,1280.0,960.0,25.0,24
82800,Hour 23.0,LEO_NTN,Sat_STARLINK-SHE-050-018,1280.0,1160.0,9.38,9
82800,Hour 23.0,LEO_NTN,Sat_STARLINK-SHE-045-019,1280.0,1200.0,6.25,8
82800,Hour 23.0,LEO_NTN,Sat_STARLINK-SHE-054-017,1280.0,1120.0,12.5,6
82800,Hour 23.0,LEO_NTN,Sat_STARLINK-SHE-051-017,1280.0,1240.0,3.12,1
82800,Hour 23.0,LEO_NTN,Sat_STARLINK-SHE-056-016,1280.0,1240.0,3.12,1
86400,Hour 0.0,5G_TN,Tower_12,100.0,93.07659180559405,6.92,33
86400,Hour 0.0,5G_TN,Tower_2,100.0,89.16864526263517,10.83,17
86400,Hour 0.0,5G_TN,Tower_24,100.0,95.30308971450329,4.7,34
86400,Hour 0.0,5G_TN,Tower_6,100.0,95.91246465207082,4.09,27
86400,Hour 0.0,5G_TN,Tower_45,100.0,94.46594344336101,5.53,14
86400,Hour 0.0,5G_TN,Tower_1,100.0,98.09355997369275,1.91,8
86400,Hour 0.0,5G_TN,Tower_9,100.0,98.8329627107793,1.17,6
86400,Hour 0.0,5G_TN,Tower_14,100.0,99.77154555257569,0.23,3
86400,Hour 0.0,LEO_NTN,Sat_STARLINK-SHE-067-001,1280.0,800.0,37.5,266
86400,Hour 0.0,LEO_NTN,Sat_STARLINK-SHE-049-005,1280.0,1080.0,15.62,109
86400,Hour 0.0,LEO_NTN,Sat_STARLINK-SHE-068-001,1280.0,1080.0,15.62,149
86400,Hour 0.0,LEO_NTN,Sat_STARLINK-SHE-062-002,1280.0,1080.0,15.62,19
86400,Hour 0.0,LEO_NTN,Sat_STARLINK-SHE-052-004,1280.0,960.0,25.0,27
86400,Hour 0.0,LEO_NTN,Sat_STARLINK-SHE-056-003,1280.0,880.0,31.25,46
86400,Hour 0.0,LEO_NTN,Sat_STARLINK-SHE-060-002,1280.0,1160.0,9.38,6
86400,Hour 0.0,LEO_NTN,Sat_STARLINK-SHE-053-004,1280.0,920.0,28.12,40
86400,Hour 0.0,LEO_NTN,Sat_STARLINK-SHE-061-002,1280.0,1040.0,18.75,28
86400,Hour 0.0,LEO_NTN,Sat_STARLINK-SHE-055-003,1280.0,1200.0,6.25,7
86400,Hour 0.0,LEO_NTN,Sat_STARLINK-SHE-057-003,1280.0,960.0,25.0,34
86400,Hour 0.0,LEO_NTN,Sat_STARLINK-SHE-063-002,1280.0,1200.0,6.25,7
86400,Hour 0.0,LEO_NTN,Sat_STARLINK-SHE-051-004,1280.0,1040.0,18.75,20
86400,Hour 0.0,LEO_NTN,Sat_STARLINK-SHE-058-003,1280.0,1200.0,6.25,2
86400,Hour 0.0,LEO_NTN,Sat_STARLINK-SHE-050-004,1280.0,1240.0,3.12,2
86400,Hour 0.0,LEO_NTN,Sat_STARLINK-SHE-050-005,1280.0,1240.0,3.12,1
