User_ID,Demand_Mbps,H3_Cell
0,0.03,832b83fffffffff
1,0.56,832b83fffffffff
2,0.17,832b93fffffffff
3,0.38,832ab4fffffffff
4,0.83,832b9bfffffffff
5,0.06,832ab4fffffffff
6,0.56,832b92fffffffff
7,0.11,832b9bfffffffff
8,0.11,832b9bfffffffff
9,0.87,832b9dfffffffff
10,0.76,832b9bfffffffff
11,0.09,832b8efffffffff
12,0.32,832b83fffffffff
13,0.81,832b98fffffffff
14,0.42,830ec8fffffffff
15,0.59,832b93fffffffff
16,0.37,832b9bfffffffff
17,0.65,832b9bfffffffff
18,0.96,832b81fffffffff
19,0.17,832b9bfffffffff
20,0.31,832b9dfffffffff
21,0.38,832b9bfffffffff
22,0.04,832b9bfffffffff
23,0.97,832b9bfffffffff
24,0.74,832b9bfffffffff
25,0.1,832b83fffffffff
26,0.59,832b93fffffffff
27,0.77,832b9bfffffffff
28,0.03,832b9bfffffffff
29,0.9,832b9bfffffffff
30,0.42,832b81fffffffff
31,4.25,832b9bfffffffff
32,0.1,832b8efffffffff
33,0.65,832b9dfffffffff
34,0.05,832b9bfffffffff
35,0.5,832b9bfffffffff
36,0.83,832b83fffffffff
37,3.18,832ab5fffffffff
38,0.91,832ab4fffffffff
39,0.8,832ab4fffffffff
40,0.18,832b9bfffffffff
41,0.08,832b9bfffffffff
42,0.94,832b9bfffffffff
43,0.2,832b93fffffffff
44,0.62,832b9bfffffffff
45,0.75,832b9dfffffffff
46,4.49,832b9bfffffffff
47,0.74,832b9bfffffffff
48,0.48,832b9bfffffffff
49,0.31,832b9bfffffffff
50,0.96,832b81fffffffff
51,0.79,832b9dfffffffff
52,2.96,832b9dfffffffff
53,3.85,832ab4fffffffff
54,0.64,832b92fffffffff
55,0.78,832b9bfffffffff
56,4.66,832ab4fffffffff
57,2.8,832b9bfffffffff
58,0.65,832b83fffffffff
59,0.78,832b9bfffffffff
60,0.74,832ab4fffffffff
61,0.32,832b9dfffffffff
62,0.14,832ab4fffffffff
63,0.18,832b9dfffffffff
64,0.62,832b9bfffffffff
65,0.11,832ab4fffffffff
66,0.66,832ab4fffffffff
67,0.42,832b9bfffffffff
68,0.86,832b9bfffffffff
69,0.65,832b9bfffffffff
70,0.99,832ab0fffffffff
71,0.81,832b9dfffffffff
72,0.09,832ab4fffffffff
73,0.47,832b9bfffffffff
74,3.76,832b9bfffffffff
75,0.66,832b9bfffffffff
76,0.91,832b9bfffffffff
77,0.77,832ab4fffffffff
78,3.56,832ab5fffffffff
79,2.18,832b9bfffffffff
80,0.14,832b83fffffffff
81,0.33,832b92fffffffff
82,0.49,832b83fffffffff
83,0.65,832ab4fffffffff
84,0.11,832b83fffffffff
85,0.86,832b81fffffffff
86,0.17,832b9bfffffffff
87,0.66,832b83fffffffff
88,0.88,832ab4fffffffff
89,0.52,832b9bfffffffff
90,2.18,832ab4fffffffff
91,0.18,832ab5fffffffff
92,0.31,832ab4fffffffff
93,0.08,832b9dfffffffff
94,0.73,832b9bfffffffff
95,0.31,832b9bfffffffff
96,0.75,832b9bfffffffff
97,3.94,832b9bfffffffff
98,0.42,832b9dfffffffff
99,0.3,832b9bfffffffff
100,3.78,832b9dfffffffff
101,0.88,832b9bfffffffff
102,1.0,832b9bfffffffff
103,0.96,832b9bfffffffff
104,0.03,832ab4fffffffff
105,0.96,832b83fffffffff
106,0.68,832ab5fffffffff
107,0.92,832b81fffffffff
108,3.14,832b9bfffffffff
109,4.41,832b83fffffffff
110,0.88,832b9bfffffffff
111,0.82,832b9bfffffffff
112,4.3,832b9bfffffffff
113,0.98,832b81fffffffff
114,0.93,832b9dfffffffff
115,0.74,832b9bfffffffff
116,0.82,832b9bfffffffff
117,0.13,832b93fffffffff
118,3.72,832b9bfffffffff
119,2.4,832b9dfffffffff
120,0.38,832b9bfffffffff
121,0.72,832b93fffffffff
122,0.12,832b9bfffffffff
123,0.03,832b9bfffffffff
124,0.54,832b9dfffffffff
125,0.71,832b83fffffffff
126,0.16,832b9dfffffffff
127,0.7,832ab6fffffffff
128,0.74,832b9dfffffffff
129,0.17,832b83fffffffff
130,0.47,832b9bfffffffff
131,2.01,832b83fffffffff
132,3.5,832b9bfffffffff
133,0.14,832ab4fffffffff
134,0.89,832b9bfffffffff
135,0.31,832ab4fffffffff
136,0.07,832ab4fffffffff
137,0.63,832b9bfffffffff
138,0.13,832b83fffffffff
139,0.78,832b83fffffffff
140,0.34,832b9bfffffffff
141,0.58,832b9bfffffffff
142,0.43,832b9bfffffffff
143,0.66,832b93fffffffff
144,2.62,832b9bfffffffff
145,3.27,832b9bfffffffff
146,0.16,832b9bfffffffff
147,0.66,832ab4fffffffff
148,0.58,832b9dfffffffff
149,0.16,832b8efffffffff
150,0.49,832ab0fffffffff
151,0.31,832b9bfffffffff
152,0.06,832ab4fffffffff
153,4.52,832b9bfffffffff
154,0.62,832b81fffffffff
155,0.95,832b83fffffffff
156,0.44,832b92fffffffff
157,0.41,832b9bfffffffff
158,0.47,832b9bfffffffff
159,0.79,832ab4fffffffff
160,0.15,832b9bfffffffff
161,0.18,832ab4fffffffff
162,3.68,832b81fffffffff
163,0.4,832ab4fffffffff
164,0.45,832b83fffffffff
165,0.96,832ab4fffffffff
166,0.32,832b83fffffffff
167,0.35,832b9dfffffffff
168,0.46,832ab0fffffffff
169,0.15,832b9bfffffffff
170,0.34,832b8efffffffff
171,0.08,832b92fffffffff
172,0.37,832b9bfffffffff
173,0.91,832ab4fffffffff
174,0.88,832b9bfffffffff
175,0.11,832b9bfffffffff
176,0.07,832b9bfffffffff
177,0.41,832b81fffffffff
178,0.19,832ab4fffffffff
179,0.48,832b9bfffffffff
180,0.63,832b92fffffffff
181,0.49,832b83fffffffff
182,0.32,832b9bfffffffff
183,0.03,832b93fffffffff
184,0.1,832ab4fffffffff
185,0.11,832b93fffffffff
186,0.58,832b9bfffffffff
187,4.75,832b9bfffffffff
188,0.66,832b9dfffffffff
189,0.54,832b93fffffffff
190,0.78,832b93fffffffff
191,0.1,832b9bfffffffff
192,3.26,832b9bfffffffff
193,0.49,832b93fffffffff
194,0.41,832b9bfffffffff
195,0.14,832b9bfffffffff
196,2.47,832ab4fffffffff
197,0.91,832b9dfffffffff
198,0.46,832b83fffffffff
199,0.07,832b83fffffffff
200,0.13,832b9bfffffffff
201,0.77,832b9bfffffffff
202,0.54,832b9bfffffffff
203,0.31,832ab4fffffffff
204,4.99,832b92fffffffff
205,0.39,832ab4fffffffff
206,0.19,832b9bfffffffff
207,0.11,832b9bfffffffff
208,2.06,832ab0fffffffff
209,0.34,832b9bfffffffff
210,0.34,832b81fffffffff
211,3.73,832ab4fffffffff
212,0.1,832b83fffffffff
213,0.64,832b9bfffffffff
214,0.45,832b9bfffffffff
215,0.45,832b83fffffffff
216,0.09,832b9bfffffffff
217,0.19,832b92fffffffff
218,0.09,832b93fffffffff
219,0.52,832b83fffffffff
220,0.81,832b93fffffffff
221,1.0,832b8efffffffff
222,0.72,832b96fffffffff
223,0.73,832ab4fffffffff
224,0.93,832b9bfffffffff
225,2.06,832b9dfffffffff
226,0.83,832b9dfffffffff
227,0.78,832b92fffffffff
228,0.44,832ab4fffffffff
229,0.9,832b83fffffffff
230,0.83,832b9bfffffffff
231,0.88,832ab4fffffffff
232,0.49,832b9bfffffffff
233,0.61,832b83fffffffff
234,0.62,832b9bfffffffff
235,0.3,832b9bfffffffff
236,3.03,832ab4fffffffff
237,0.31,832b9dfffffffff
238,4.72,832b83fffffffff
239,0.96,832b9dfffffffff
240,0.12,832ab4fffffffff
241,0.09,832b93fffffffff
242,2.21,832b9dfffffffff
243,0.88,832b9bfffffffff
244,3.67,832b81fffffffff
245,3.71,832b83fffffffff
246,0.45,832b9bfffffffff
247,0.41,832b9bfffffffff
248,0.06,832ab4fffffffff
249,0.98,832b9bfffffffff
250,0.54,832b9bfffffffff
251,0.64,832b92fffffffff
252,0.6,832b9bfffffffff
253,0.5,832ab4fffffffff
254,0.19,832b9bfffffffff
255,2.63,832b83fffffffff
256,2.26,832b9bfffffffff
257,3.31,832ab4fffffffff
258,0.58,832b83fffffffff
259,0.31,832b81fffffffff
260,0.34,832b9dfffffffff
261,3.38,832b93fffffffff
262,0.16,832b81fffffffff
263,2.17,832b83fffffffff
264,1.0,832b9bfffffffff
265,0.09,832b9bfffffffff
266,0.65,832b83fffffffff
267,0.58,832ab4fffffffff
268,3.24,832b83fffffffff
269,0.13,832b9bfffffffff
270,0.47,832b9bfffffffff
271,0.85,832b93fffffffff
272,0.61,832ab4fffffffff
273,0.43,832b9bfffffffff
274,0.41,832b9bfffffffff
275,0.35,832b9bfffffffff
276,0.38,832b92fffffffff
277,0.14,832b8efffffffff
278,0.78,832ab4fffffffff
279,3.35,832ab5fffffffff
280,0.71,832b83fffffffff
281,3.89,832b9bfffffffff
282,0.94,832ab4fffffffff
283,0.61,832ab4fffffffff
284,4.03,832b9bfffffffff
285,0.74,832b9bfffffffff
286,0.6,832ab4fffffffff
287,0.8,832b9dfffffffff
288,0.02,832b9bfffffffff
289,0.08,832b81fffffffff
290,3.43,832b9bfffffffff
291,0.1,832ab4fffffffff
292,1.0,832b9bfffffffff
293,0.94,832b9bfffffffff
294,0.09,832b83fffffffff
295,0.45,832b92fffffffff
296,0.14,832b93fffffffff
297,0.93,832b92fffffffff
298,4.0,832b9bfffffffff
299,0.36,832ab4fffffffff
300,0.8,832ab4fffffffff
301,0.58,832b93fffffffff
302,0.53,832b9bfffffffff
303,0.69,832b83fffffffff
304,0.82,832ab4fffffffff
305,0.49,832b9bfffffffff
306,0.41,832ab4fffffffff
307,0.64,832b83fffffffff
308,0.07,832ab4fffffffff
309,0.42,832b8efffffffff
310,0.4,832b9bfffffffff
311,0.41,832ab4fffffffff
312,3.94,832b9bfffffffff
313,0.73,832b83fffffffff
314,0.17,832b9bfffffffff
315,0.52,832b83fffffffff
316,0.49,832ab4fffffffff
317,0.03,832b93fffffffff
318,3.26,832b9bfffffffff
319,0.1,832b83fffffffff
320,0.82,832b9bfffffffff
321,0.61,832b92fffffffff
322,0.1,832b81fffffffff
323,0.34,832b9bfffffffff
324,4.3,832ab4fffffffff
325,0.6,832b9bfffffffff
326,4.57,832b9bfffffffff
327,0.65,832ab4fffffffff
328,0.16,832ab4fffffffff
329,2.81,832b9bfffffffff
330,0.9,832ab0fffffffff
331,3.57,832b9bfffffffff
332,0.87,832b9bfffffffff
333,0.36,832b9bfffffffff
334,0.61,832b83fffffffff
335,0.46,832b9bfffffffff
336,0.62,832b9bfffffffff
337,0.17,832b9bfffffffff
338,1.0,832b9bfffffffff
339,0.05,832b93fffffffff
340,4.82,832b9bfffffffff
341,0.86,832b9bfffffffff
342,0.66,832b9bfffffffff
343,4.72,832b93fffffffff
344,0.35,832b9bfffffffff
345,0.13,832b9bfffffffff
346,0.63,832b83fffffffff
347,3.45,832b9bfffffffff
348,0.95,832b81fffffffff
349,0.33,832b83fffffffff
350,3.6,832b9bfffffffff
351,0.13,832b81fffffffff
352,3.74,832b9bfffffffff
353,0.86,832b83fffffffff
354,0.14,832b9bfffffffff
355,0.19,832ab4fffffffff
356,0.38,832b9bfffffffff
357,0.64,832ab4fffffffff
358,2.13,832b9bfffffffff
359,2.37,832b8efffffffff
360,0.77,832b83fffffffff
361,0.52,832b81fffffffff
362,0.11,832b9dfffffffff
363,0.17,832ab4fffffffff
364,0.66,832ab4fffffffff
365,0.17,832b9bfffffffff
366,0.14,832ab0fffffffff
367,0.32,832b83fffffffff
368,4.17,832b9bfffffffff
369,0.1,832b9bfffffffff
370,0.12,832ab4fffffffff
371,0.96,832b9bfffffffff
372,4.84,832b9bfffffffff
373,0.2,83276dfffffffff
374,3.61,832b83fffffffff
375,0.08,832b83fffffffff
376,0.69,832b9bfffffffff
377,0.53,832b81fffffffff
378,0.68,832b9dfffffffff
379,0.69,832ab4fffffffff
380,0.58,832ab4fffffffff
381,0.76,832b9dfffffffff
382,0.15,832b9dfffffffff
383,4.12,832ab4fffffffff
384,0.12,832ab4fffffffff
385,0.41,832b92fffffffff
386,0.61,832b9bfffffffff
387,0.69,832ab4fffffffff
388,0.78,832b9bfffffffff
389,0.09,832ab4fffffffff
390,3.63,832ab4fffffffff
391,0.42,832ab4fffffffff
392,0.15,832ab4fffffffff
393,0.3,832b9bfffffffff
394,0.57,832b93fffffffff
395,3.71,832b9bfffffffff
396,0.03,832b83fffffffff
397,0.33,832b9bfffffffff
398,4.12,832ab6fffffffff
399,0.43,832b9bfffffffff
400,0.75,832ab4fffffffff
401,2.45,832b9dfffffffff
402,3.91,832b9bfffffffff
403,0.38,832b9bfffffffff
404,3.5,832b9bfffffffff
405,0.32,832b93fffffffff
406,0.48,832b9afffffffff
407,0.56,832b9dfffffffff
408,0.65,832b9bfffffffff
409,0.74,832b9bfffffffff
410,0.98,832b9dfffffffff
411,0.07,832b9bfffffffff
412,0.14,832ab4fffffffff
413,0.96,832ab4fffffffff
414,0.77,832b9bfffffffff
415,0.66,832ab4fffffffff
416,0.67,832b9bfffffffff
417,0.15,832ab4fffffffff
418,0.05,832b9dfffffffff
419,0.82,832b9bfffffffff
420,3.33,832b9dfffffffff
421,0.17,832b8efffffffff
422,0.13,832b9bfffffffff
423,0.96,832ab4fffffffff
424,0.84,832b9bfffffffff
425,0.42,832b81fffffffff
426,0.62,832b9bfffffffff
427,0.61,832b9bfffffffff
428,0.13,832b93fffffffff
429,0.76,832b9bfffffffff
430,2.81,832b93fffffffff
431,4.12,832b83fffffffff
432,0.43,832b9bfffffffff
433,0.53,832b9bfffffffff
434,2.51,832b9bfffffffff
435,0.07,832ab4fffffffff
436,0.94,832b9bfffffffff
437,0.36,832b8efffffffff
438,0.8,832b98fffffffff
439,0.71,832b9bfffffffff
440,0.7,832b9bfffffffff
441,0.77,832b9bfffffffff
442,0.59,832b9bfffffffff
443,0.07,832b9bfffffffff
444,0.42,832ab4fffffffff
445,0.4,832b92fffffffff
446,1.0,832b9bfffffffff
447,0.53,832b83fffffffff
448,0.12,832b9bfffffffff
449,0.87,832b9bfffffffff
450,3.1,832b83fffffffff
451,0.33,832b9dfffffffff
452,3.17,832b9bfffffffff
453,0.9,832ab4fffffffff
454,0.56,832b9bfffffffff
455,0.51,832ab4fffffffff
456,0.2,832ab4fffffffff
457,0.08,832ab4fffffffff
458,0.82,832ab6fffffffff
459,0.91,832b9bfffffffff
460,0.63,832b9bfffffffff
461,0.59,832ab0fffffffff
462,0.84,832b9bfffffffff
463,0.3,832b9bfffffffff
464,4.04,832b9dfffffffff
465,0.49,832b9dfffffffff
466,0.79,832b9bfffffffff
467,0.67,832b83fffffffff
468,4.2,832b93fffffffff
469,4.63,832b9bfffffffff
470,0.37,832b8efffffffff
471,0.98,832ab0fffffffff
472,0.43,832ab4fffffffff
473,0.67,832b9dfffffffff
474,0.32,832b9bfffffffff
475,0.38,832b9bfffffffff
476,0.97,832b8efffffffff
477,4.15,832b83fffffffff
478,4.78,832ab4fffffffff
479,0.08,832b9dfffffffff
480,0.36,832b9bfffffffff
481,0.53,832b81fffffffff
482,0.54,832b9bfffffffff
483,0.37,832b9dfffffffff
484,0.85,832b9bfffffffff
485,2.32,832ab4fffffffff
486,0.15,832b9dfffffffff
487,0.77,832b9bfffffffff
488,0.06,832b9bfffffffff
489,0.46,832b81fffffffff
490,0.15,832b9bfffffffff
491,0.78,832b9bfffffffff
492,0.68,832b9bfffffffff
493,0.14,83276dfffffffff
494,0.83,832b83fffffffff
495,0.87,832b9dfffffffff
496,2.17,832b9bfffffffff
497,0.1,832b93fffffffff
498,0.6,832b9bfffffffff
499,0.15,832ab4fffffffff
500,0.1,832b93fffffffff
501,0.96,832b9bfffffffff
502,0.77,832b8efffffffff
503,0.11,832b9bfffffffff
504,0.83,832b9dfffffffff
505,0.3,832b9dfffffffff
506,0.48,832b81fffffffff
507,4.43,832ab4fffffffff
508,0.83,832b9bfffffffff
509,0.79,832b9bfffffffff
510,0.17,832ab4fffffffff
511,3.2,832b9bfffffffff
512,3.66,832b9bfffffffff
513,0.65,832ab4fffffffff
514,0.42,832b83fffffffff
515,0.68,832b9dfffffffff
516,0.53,832ab4fffffffff
517,0.09,832ab4fffffffff
518,0.99,832b83fffffffff
519,0.17,832b93fffffffff
520,0.64,832b93fffffffff
521,4.14,832b83fffffffff
522,0.17,832b9bfffffffff
523,1.0,832b81fffffffff
524,0.41,832b9bfffffffff
525,0.83,832ab5fffffffff
526,2.49,832b9bfffffffff
527,0.47,832ab4fffffffff
528,0.66,832b81fffffffff
529,0.53,832b93fffffffff
530,4.6,832ab4fffffffff
531,2.93,832ab4fffffffff
532,0.53,832b92fffffffff
533,0.11,832ab4fffffffff
534,0.5,832b9bfffffffff
535,0.93,832ab4fffffffff
536,4.54,832b93fffffffff
537,3.34,832b9bfffffffff
538,0.47,832b83fffffffff
539,0.76,832b98fffffffff
540,4.08,832ab4fffffffff
541,4.61,832b9bfffffffff
542,0.09,832ab4fffffffff
543,3.51,832ab4fffffffff
544,0.05,832ab4fffffffff
545,0.19,832b9bfffffffff
546,0.48,832b9bfffffffff
547,0.8,832b9bfffffffff
548,0.62,832b9bfffffffff
549,0.66,832b9bfffffffff
550,0.49,832b9dfffffffff
551,0.9,832b9bfffffffff
552,0.09,832b9bfffffffff
553,3.44,832ab4fffffffff
554,0.07,832b9bfffffffff
555,0.04,832b83fffffffff
556,0.04,832b9bfffffffff
557,0.17,832b9bfffffffff
558,4.2,832b9bfffffffff
559,0.1,832ab4fffffffff
560,0.08,832b81fffffffff
561,0.32,832b9dfffffffff
562,0.9,832ab0fffffffff
563,0.71,832b83fffffffff
564,4.84,832b9bfffffffff
565,0.3,832b93fffffffff
566,0.83,832ab4fffffffff
567,0.46,832b9dfffffffff
568,0.43,832b9dfffffffff
569,0.79,832b9dfffffffff
570,0.95,832b81fffffffff
571,0.14,832b83fffffffff
572,0.54,832ab4fffffffff
573,0.54,832b93fffffffff
574,0.82,832b9bfffffffff
575,3.67,832b9bfffffffff
576,4.04,832b92fffffffff
577,0.11,832b81fffffffff
578,0.91,832b9bfffffffff
579,4.47,832ab5fffffffff
580,3.89,832b92fffffffff
581,0.06,832b9bfffffffff
582,0.08,832b9dfffffffff
583,0.35,832ab0fffffffff
584,0.74,832b83fffffffff
585,4.21,832b9bfffffffff
586,0.48,832ab4fffffffff
587,4.04,832b9bfffffffff
588,0.09,832b9bfffffffff
589,0.52,832b9bfffffffff
590,4.28,832ab4fffffffff
591,3.47,832b9dfffffffff
592,0.2,832b83fffffffff
593,0.16,832b9bfffffffff
594,4.04,832b9bfffffffff
595,0.94,832b9bfffffffff
596,0.16,832b83fffffffff
597,3.35,832b9bfffffffff
598,3.63,832b81fffffffff
599,0.76,832ab4fffffffff
600,0.49,832b9bfffffffff
601,0.72,832ab4fffffffff
602,0.42,832b9bfffffffff
603,0.03,832ab0fffffffff
604,0.13,832b93fffffffff
605,0.86,832b9bfffffffff
606,0.06,832b83fffffffff
607,0.99,832b9bfffffffff
608,0.99,832b9bfffffffff
609,0.55,832b9bfffffffff
610,0.05,832b9bfffffffff
611,0.87,832b9bfffffffff
612,0.93,832ab4fffffffff
613,0.78,832ab4fffffffff
614,2.43,832b93fffffffff
615,0.49,832ab4fffffffff
616,3.85,832b83fffffffff
617,0.4,832ab4fffffffff
618,0.54,832b9bfffffffff
619,0.13,832b9bfffffffff
620,0.75,832b9bfffffffff
621,0.78,832b9dfffffffff
622,0.32,832b9bfffffffff
623,0.69,832b81fffffffff
624,0.9,832b9bfffffffff
625,3.24,832ab4fffffffff
626,0.5,832b83fffffffff
627,0.84,832b9bfffffffff
628,0.17,832b8efffffffff
629,0.39,832b9bfffffffff
630,0.45,832ab4fffffffff
631,0.71,832b9bfffffffff
632,0.8,832b9bfffffffff
633,0.42,832ab0fffffffff
634,0.12,832b9bfffffffff
635,0.09,832b83fffffffff
636,0.53,832b9bfffffffff
637,0.35,832b9bfffffffff
638,0.42,832b93fffffffff
639,4.36,832b8efffffffff
640,0.66,832b93fffffffff
641,0.67,832b81fffffffff
642,2.01,832b93fffffffff
643,0.95,832ab4fffffffff
644,0.91,832b9bfffffffff
645,0.75,832b93fffffffff
646,0.74,832b81fffffffff
647,3.88,832b9dfffffffff
648,0.42,832ab0fffffffff
649,0.84,832b83fffffffff
650,2.62,832ab4fffffffff
651,4.82,832b9bfffffffff
652,0.48,832b92fffffffff
653,0.37,832b98fffffffff
654,2.66,832ab5fffffffff
655,0.12,832b93fffffffff
656,0.89,832b9dfffffffff
657,0.59,832b81fffffffff
658,0.54,832b9bfffffffff
659,0.08,832b83fffffffff
660,0.42,832b9bfffffffff
661,0.46,832b93fffffffff
662,0.74,832b9bfffffffff
663,3.7,832b9bfffffffff
664,0.61,832b9bfffffffff
665,0.74,832b83fffffffff
666,0.05,832b9bfffffffff
667,0.33,832b9bfffffffff
668,2.66,832b93fffffffff
669,0.82,832ab4fffffffff
670,0.1,832ab4fffffffff
671,0.32,832b9bfffffffff
672,0.03,832ab4fffffffff
673,0.17,832b83fffffffff
674,2.31,832ab4fffffffff
675,0.69,832b9bfffffffff
676,0.64,832b9bfffffffff
677,0.69,832b9dfffffffff
678,0.69,832b83fffffffff
679,0.75,832b9bfffffffff
680,0.44,830ef1fffffffff
681,3.36,832b93fffffffff
682,0.16,832b81fffffffff
683,0.16,832b93fffffffff
684,0.45,832b9bfffffffff
685,4.04,832b9bfffffffff
686,0.13,832b93fffffffff
687,0.48,832b9bfffffffff
688,0.76,832b9bfffffffff
689,4.5,832b92fffffffff
690,0.13,832b83fffffffff
691,4.17,832b83fffffffff
692,0.07,832b9bfffffffff
693,0.39,832b92fffffffff
694,3.42,832b9dfffffffff
695,0.14,832b83fffffffff
696,0.13,832ab4fffffffff
697,0.07,832b83fffffffff
698,0.99,832b9bfffffffff
699,0.55,832b93fffffffff
700,0.5,832b9dfffffffff
701,0.46,832b9bfffffffff
702,4.09,832b93fffffffff
703,0.34,832b9bfffffffff
704,0.16,832b9bfffffffff
705,0.84,832b83fffffffff
706,0.11,832b8efffffffff
707,0.68,832ab4fffffffff
708,0.42,832b93fffffffff
709,0.03,832b9dfffffffff
710,0.7,832b9bfffffffff
711,0.05,832b9bfffffffff
712,0.18,832ab4fffffffff
713,3.74,832b83fffffffff
714,0.1,832b83fffffffff
715,0.67,832b9dfffffffff
716,3.32,832b9bfffffffff
717,0.19,832ab4fffffffff
718,0.76,832b92fffffffff
719,0.97,832b81fffffffff
720,0.12,832b9bfffffffff
721,0.61,832ab4fffffffff
722,3.3,832b9bfffffffff
723,0.53,832b9bfffffffff
724,0.67,832b9dfffffffff
725,0.1,832b9afffffffff
726,0.57,832ab4fffffffff
727,0.49,832b9dfffffffff
728,4.04,832b81fffffffff
729,0.91,832b9bfffffffff
730,0.39,832ab4fffffffff
731,0.08,832b9bfffffffff
732,0.86,832b9bfffffffff
733,0.68,832b93fffffffff
734,0.89,832b81fffffffff
735,0.47,832b93fffffffff
736,0.11,832b83fffffffff
737,4.19,832ab4fffffffff
738,0.19,832ab4fffffffff
739,0.35,832ab4fffffffff
740,0.66,832b9bfffffffff
741,0.94,832b81fffffffff
742,0.44,832b9dfffffffff
743,0.71,832ab4fffffffff
744,0.03,832b93fffffffff
745,0.84,832b81fffffffff
746,0.88,832ab4fffffffff
747,0.63,832b92fffffffff
748,0.14,832b9dfffffffff
749,3.57,832b93fffffffff
750,0.17,832b83fffffffff
751,2.21,832b9bfffffffff
752,0.11,832ab4fffffffff
753,4.87,832ab4fffffffff
754,0.03,832b83fffffffff
755,0.5,832b83fffffffff
756,2.22,832b9bfffffffff
757,0.6,832b98fffffffff
758,0.9,832b9dfffffffff
759,2.47,832b81fffffffff
760,0.13,832b81fffffffff
761,2.66,832ab4fffffffff
762,0.75,832ab4fffffffff
763,0.07,832ab4fffffffff
764,3.15,832b98fffffffff
765,0.33,832b9bfffffffff
766,0.52,832b92fffffffff
767,0.45,832b9bfffffffff
768,0.55,832b83fffffffff
769,0.59,832ab0fffffffff
770,0.93,832b9bfffffffff
771,0.39,832b9bfffffffff
772,0.32,832ab4fffffffff
773,0.45,832ab0fffffffff
774,0.05,832b9dfffffffff
775,0.39,832ab4fffffffff
776,0.12,832b93fffffffff
777,0.81,832b9bfffffffff
778,0.13,832ab4fffffffff
779,2.96,832b9dfffffffff
780,0.19,832b9bfffffffff
781,0.58,832b9dfffffffff
782,0.94,832b81fffffffff
783,0.69,832b9bfffffffff
784,0.61,832ab4fffffffff
785,0.05,832ab5fffffffff
786,0.07,832b8efffffffff
787,2.97,832b93fffffffff
788,0.11,832b83fffffffff
789,0.14,832ab0fffffffff
790,0.49,832b9bfffffffff
791,0.56,832b9dfffffffff
792,0.47,832b9bfffffffff
793,2.53,832ab4fffffffff
794,0.98,832b9bfffffffff
795,0.57,832b9bfffffffff
796,0.83,832b9dfffffffff
797,0.35,832b9bfffffffff
798,0.54,832b9bfffffffff
799,0.82,832b9dfffffffff
800,0.92,832b9bfffffffff
801,0.73,832b9bfffffffff
802,0.41,832b9bfffffffff
803,0.13,832b92fffffffff
804,0.11,832ab4fffffffff
805,0.66,832ab4fffffffff
806,0.19,832b81fffffffff
807,0.95,832ab4fffffffff
808,3.39,832b9bfffffffff
809,0.54,832b9bfffffffff
810,0.81,832b9bfffffffff
811,0.31,832ab4fffffffff
812,0.34,832b83fffffffff
813,0.66,832b93fffffffff
814,0.6,832b83fffffffff
815,0.54,832b83fffffffff
816,2.48,832b9dfffffffff
817,0.33,832b8efffffffff
818,2.91,832b83fffffffff
819,3.32,832b83fffffffff
820,2.08,832b9bfffffffff
821,0.67,832b93fffffffff
822,4.2,832b9dfffffffff
823,0.7,832b9dfffffffff
824,0.5,832b9bfffffffff
825,0.3,832b93fffffffff
826,4.16,832b9bfffffffff
827,2.81,832b93fffffffff
828,0.77,832ab4fffffffff
829,4.87,832ab4fffffffff
830,0.78,832ab4fffffffff
831,0.92,832b9bfffffffff
832,0.08,832b9dfffffffff
833,0.12,832b9bfffffffff
834,1.0,832b83fffffffff
835,0.73,832b93fffffffff
836,2.12,832b83fffffffff
837,0.14,832b9bfffffffff
838,0.55,832b9dfffffffff
839,0.17,832b9bfffffffff
840,0.66,832b9dfffffffff
841,0.36,832b9bfffffffff
842,0.77,832b93fffffffff
843,0.47,832b9bfffffffff
844,0.9,832b9bfffffffff
845,0.67,832b83fffffffff
846,0.86,832b93fffffffff
847,3.85,832b81fffffffff
848,0.46,832ab4fffffffff
849,0.09,832ab4fffffffff
850,0.13,832ab4fffffffff
851,0.12,832b9dfffffffff
852,0.83,832b9bfffffffff
853,0.66,832b9bfffffffff
854,0.34,832b9bfffffffff
855,0.73,832b81fffffffff
856,0.41,832b9bfffffffff
857,0.65,832b9bfffffffff
858,3.14,832ab4fffffffff
859,0.06,832b9bfffffffff
860,3.8,832b93fffffffff
861,2.44,832b92fffffffff
862,0.08,832b93fffffffff
863,0.2,832b81fffffffff
864,0.72,832ab4fffffffff
865,0.68,832b9bfffffffff
866,0.69,832b83fffffffff
867,0.73,832b9bfffffffff
868,0.46,832b83fffffffff
869,0.11,832ab4fffffffff
870,0.7,832b81fffffffff
871,0.05,832ab4fffffffff
872,0.89,832b93fffffffff
873,0.67,832b93fffffffff
874,0.17,832b9bfffffffff
875,0.38,832ab4fffffffff
876,0.53,832ab4fffffffff
877,0.11,832b9bfffffffff
878,0.82,832b93fffffffff
879,0.72,832b9bfffffffff
880,0.6,832b9dfffffffff
881,0.84,832b9afffffffff
882,0.39,832b9bfffffffff
883,0.76,832ab4fffffffff
884,0.9,832b9bfffffffff
885,0.68,832b92fffffffff
886,0.48,832b81fffffffff
887,2.81,832b9bfffffffff
888,0.98,832b9dfffffffff
889,4.27,832b9bfffffffff
890,0.43,832ab4fffffffff
891,0.12,832b9dfffffffff
892,0.91,832b9bfffffffff
893,0.39,832b9bfffffffff
894,0.94,832ab4fffffffff
895,0.03,832b9bfffffffff
896,0.1,832b9bfffffffff
897,0.82,832b83fffffffff
898,0.08,832ab4fffffffff
899,0.03,832b9bfffffffff
900,0.47,832b9dfffffffff
901,0.12,832ab4fffffffff
902,0.51,832ab4fffffffff
903,0.59,832b9dfffffffff
904,3.66,832ab4fffffffff
905,0.43,832b9bfffffffff
906,0.85,832b93fffffffff
907,0.68,832b93fffffffff
908,0.41,832ab4fffffffff
909,0.75,832b81fffffffff
910,2.03,832ab4fffffffff
911,0.09,832b9bfffffffff
912,0.63,832b9bfffffffff
913,0.43,832b81fffffffff
914,0.62,832b9bfffffffff
915,0.43,832b93fffffffff
916,2.15,832ab0fffffffff
917,0.77,832ab4fffffffff
918,3.6,832b9bfffffffff
919,0.64,832b9bfffffffff
920,0.74,832ab4fffffffff
921,4.33,832ab0fffffffff
922,0.15,832b9bfffffffff
923,0.58,832ab4fffffffff
924,4.59,832b9dfffffffff
925,0.31,832b9bfffffffff
926,4.47,832ab4fffffffff
927,4.63,832ab4fffffffff
928,0.07,832b9bfffffffff
929,2.75,832b9dfffffffff
930,0.71,832b93fffffffff
931,4.73,832b83fffffffff
932,0.64,832b9bfffffffff
933,0.33,832b93fffffffff
934,0.93,832ab4fffffffff
935,0.98,832b81fffffffff
936,0.79,832b9bfffffffff
937,3.16,832b9dfffffffff
938,0.04,832b9bfffffffff
939,0.59,832b9bfffffffff
940,3.35,832b9dfffffffff
941,0.45,832b93fffffffff
942,0.68,832b81fffffffff
943,2.89,832b9bfffffffff
944,0.05,832b8efffffffff
945,0.69,832b9bfffffffff
946,0.62,832ab4fffffffff
947,4.76,832b9dfffffffff
948,4.96,832b9bfffffffff
949,0.42,832b9bfffffffff
950,0.12,832b9dfffffffff
951,4.65,832b93fffffffff
952,0.09,832b81fffffffff
953,0.41,832ab4fffffffff
954,0.7,832761fffffffff
955,0.57,832b9bfffffffff
956,0.59,832b9dfffffffff
957,0.93,832b8efffffffff
958,0.07,832b81fffffffff
959,0.92,832b93fffffffff
960,1.0,832ab4fffffffff
961,0.5,832b9bfffffffff
962,0.55,832ab4fffffffff
963,3.72,832b9bfffffffff
964,1.0,832b9bfffffffff
965,0.42,832b9bfffffffff
966,0.09,832b83fffffffff
967,2.23,832b9dfffffffff
968,0.79,832b8efffffffff
969,0.67,832ab5fffffffff
970,4.69,832b9bfffffffff
971,0.13,832b9bfffffffff
972,0.87,832b9bfffffffff
973,0.52,832b93fffffffff
974,0.95,832b81fffffffff
975,0.35,832b9bfffffffff
976,0.48,832ab4fffffffff
977,0.74,832b9bfffffffff
978,0.37,832ab4fffffffff
979,2.79,832ab4fffffffff
980,0.04,832ab4fffffffff
981,0.65,832b93fffffffff
982,0.93,832b81fffffffff
983,0.97,832b81fffffffff
984,0.53,832ab4fffffffff
985,0.35,832ab4fffffffff
986,0.16,832b9bfffffffff
987,0.75,832ab4fffffffff
988,0.35,832ab4fffffffff
989,0.07,832b83fffffffff
990,0.49,832b93fffffffff
991,0.06,83276cfffffffff
992,0.18,832b9bfffffffff
993,0.85,832b9dfffffffff
994,0.67,832b93fffffffff
995,0.95,832b9bfffffffff
996,4.36,832b81fffffffff
997,2.98,832ab4fffffffff
998,0.68,832b9bfffffffff
999,0.2,832b9bfffffffff
1000,0.49,832b92fffffffff
1001,3.54,832b9bfffffffff
1002,0.51,832b9dfffffffff
1003,0.54,832b81fffffffff
1004,3.61,832ab4fffffffff
1005,0.51,832b81fffffffff
1006,0.06,832b9bfffffffff
1007,2.96,832b81fffffffff
1008,3.22,832b9bfffffffff
1009,0.43,832b9bfffffffff
1010,0.08,832b9bfffffffff
1011,0.18,832b9bfffffffff
1012,0.7,832b9bfffffffff
1013,0.54,832b9bfffffffff
1014,0.78,832b9bfffffffff
1015,3.9,832ab4fffffffff
1016,0.39,832b93fffffffff
1017,0.56,832b9bfffffffff
1018,0.35,832b9afffffffff
1019,0.49,832b83fffffffff
1020,0.59,832b93fffffffff
1021,0.09,832b9bfffffffff
1022,3.52,832b9bfffffffff
1023,0.12,832b81fffffffff
1024,4.69,832b9dfffffffff
1025,0.16,832ab4fffffffff
1026,3.95,832b83fffffffff
1027,2.16,832b83fffffffff
1028,0.46,832b9bfffffffff
1029,0.31,832b9bfffffffff
1030,0.8,832b9bfffffffff
1031,0.03,832b9bfffffffff
1032,0.98,832ab4fffffffff
1033,0.16,832b9bfffffffff
1034,0.03,832ab4fffffffff
1035,4.46,832ab0fffffffff
1036,0.99,832ab4fffffffff
1037,0.39,832b9bfffffffff
1038,0.44,832b9bfffffffff
1039,0.1,832b9bfffffffff
1040,0.05,832b9bfffffffff
1041,3.02,832b9bfffffffff
1042,0.78,832b9bfffffffff
1043,0.05,832b9bfffffffff
1044,0.81,832ab4fffffffff
1045,0.79,832b9bfffffffff
1046,0.78,832ab4fffffffff
1047,0.16,832b93fffffffff
1048,3.19,832b9bfffffffff
1049,0.49,832b9bfffffffff
1050,4.46,832b83fffffffff
1051,0.88,832b9bfffffffff
1052,0.54,832b83fffffffff
1053,0.95,832b9bfffffffff
1054,0.5,832b9bfffffffff
1055,0.16,832b9afffffffff
1056,0.18,832b9bfffffffff
1057,0.84,832b9bfffffffff
1058,0.77,832b9dfffffffff
1059,0.13,832b9bfffffffff
1060,2.36,832b8efffffffff
1061,3.15,832b83fffffffff
1062,2.52,832ab4fffffffff
1063,0.12,832b9bfffffffff
1064,0.05,832b9bfffffffff
1065,0.14,832b93fffffffff
1066,0.41,832b93fffffffff
1067,3.96,832b9bfffffffff
1068,0.53,832ab4fffffffff
1069,0.33,832b83fffffffff
1070,0.99,832b92fffffffff
1071,0.68,832b93fffffffff
1072,0.31,832b83fffffffff
1073,0.55,832ab4fffffffff
1074,2.42,832b9bfffffffff
1075,2.45,832b9bfffffffff
1076,0.52,832b9dfffffffff
1077,0.41,832ab4fffffffff
1078,0.42,832b9dfffffffff
1079,0.5,832b9afffffffff
1080,0.84,832ab4fffffffff
1081,0.62,832b81fffffffff
1082,0.89,832b9bfffffffff
1083,0.66,832b9bfffffffff
1084,0.32,832b9bfffffffff
1085,4.79,832b83fffffffff
1086,0.52,832b83fffffffff
1087,0.97,832ab4fffffffff
1088,0.34,832ab4fffffffff
1089,0.91,832b93fffffffff
1090,0.35,832b9bfffffffff
1091,0.92,832b9bfffffffff
1092,0.16,832b9bfffffffff
1093,4.05,832b9bfffffffff
1094,0.89,832b9bfffffffff
1095,2.71,832b9bfffffffff
1096,0.99,832b9bfffffffff
1097,0.39,830ec8fffffffff
1098,0.47,832b93fffffffff
1099,0.03,832b9bfffffffff
1100,4.18,832b9bfffffffff
1101,0.69,832b93fffffffff
1102,4.14,832b9bfffffffff
1103,0.58,832ab4fffffffff
1104,4.83,832b83fffffffff
1105,0.33,832b8efffffffff
1106,0.16,832b9bfffffffff
1107,2.84,832ab4fffffffff
1108,0.53,832b9bfffffffff
1109,0.34,832b9bfffffffff
1110,0.64,832ab0fffffffff
1111,0.93,832b93fffffffff
1112,2.17,832b9bfffffffff
1113,0.88,832b9bfffffffff
1114,0.14,832b9bfffffffff
1115,0.62,832b9bfffffffff
1116,0.89,832ab4fffffffff
1117,0.82,832b9dfffffffff
1118,0.05,832b9bfffffffff
1119,0.46,832b9bfffffffff
1120,0.88,832b9bfffffffff
1121,0.31,832ab4fffffffff
1122,0.98,832ab4fffffffff
1123,0.53,832b9bfffffffff
1124,0.5,832b83fffffffff
1125,0.83,832b93fffffffff
1126,0.04,832b9dfffffffff
1127,4.98,832b81fffffffff
1128,0.57,832ab4fffffffff
1129,0.36,832b9bfffffffff
1130,0.74,832b98fffffffff
1131,0.65,832ab0fffffffff
1132,0.1,832b83fffffffff
1133,0.39,832b9dfffffffff
1134,0.05,832b9dfffffffff
1135,0.67,832b92fffffffff
1136,3.87,832ab4fffffffff
1137,0.41,832ab4fffffffff
1138,0.95,832b9bfffffffff
1139,0.52,832ab4fffffffff
1140,0.6,832ab4fffffffff
1141,2.34,832b9bfffffffff
1142,0.03,832b9bfffffffff
1143,0.39,832b93fffffffff
1144,2.46,832b81fffffffff
1145,3.24,832ab4fffffffff
1146,0.5,832ab4fffffffff
1147,0.02,832ab0fffffffff
1148,0.58,832ab4fffffffff
1149,0.4,832b9bfffffffff
1150,2.74,832b9bfffffffff
1151,0.1,832b81fffffffff
1152,4.2,832b9dfffffffff
1153,0.9,832b9bfffffffff
1154,3.3,832ab4fffffffff
1155,0.99,832b9bfffffffff
1156,0.66,832b8efffffffff
1157,0.51,832b9bfffffffff
1158,4.48,832b83fffffffff
1159,4.01,832b83fffffffff
1160,0.67,832b9dfffffffff
1161,0.49,832b9bfffffffff
1162,0.92,832b9bfffffffff
1163,0.98,832b92fffffffff
1164,0.59,832b9bfffffffff
1165,0.18,832b9bfffffffff
1166,0.9,832b93fffffffff
1167,0.54,832b83fffffffff
1168,0.8,832b9bfffffffff
1169,0.4,832b9bfffffffff
1170,0.99,832ab4fffffffff
1171,0.1,832b9dfffffffff
1172,0.78,832ab0fffffffff
1173,0.71,832b9bfffffffff
1174,0.8,832b98fffffffff
1175,0.5,832b9bfffffffff
1176,0.14,832b9bfffffffff
1177,0.08,832b92fffffffff
1178,0.75,832b83fffffffff
1179,2.65,832b9dfffffffff
1180,0.14,832b9bfffffffff
1181,0.34,832b83fffffffff
1182,0.36,832ab4fffffffff
1183,2.33,832b9bfffffffff
1184,0.82,832b9bfffffffff
1185,3.83,832b9bfffffffff
1186,0.15,832b93fffffffff
1187,0.33,832b9bfffffffff
1188,0.19,832ab4fffffffff
1189,3.95,832b93fffffffff
1190,4.38,832b9bfffffffff
1191,4.33,832b9bfffffffff
1192,0.8,832b9bfffffffff
1193,0.41,832b8efffffffff
1194,0.56,832ab0fffffffff
1195,0.86,832b8efffffffff
1196,3.89,832b9bfffffffff
1197,0.6,832b9bfffffffff
1198,0.74,832b9bfffffffff
1199,0.89,832b9bfffffffff
1200,0.85,832b83fffffffff
1201,0.96,832ab4fffffffff
1202,0.32,832b9bfffffffff
1203,0.32,832b83fffffffff
1204,0.98,832b93fffffffff
1205,0.91,832ab4fffffffff
1206,4.85,832b9dfffffffff
1207,0.87,832b9bfffffffff
1208,0.71,832b9bfffffffff
1209,0.03,832b9dfffffffff
1210,4.37,832b9dfffffffff
1211,0.66,832b9dfffffffff
1212,3.16,832b93fffffffff
1213,0.89,832b9dfffffffff
1214,0.04,832b9bfffffffff
1215,0.84,832b83fffffffff
1216,0.12,832b9bfffffffff
1217,0.14,832b9bfffffffff
1218,0.16,832ab4fffffffff
1219,0.99,832b9dfffffffff
1220,0.74,832ab4fffffffff
1221,0.92,832b81fffffffff
1222,0.12,832b9bfffffffff
1223,0.51,832b9bfffffffff
1224,0.12,832b9bfffffffff
1225,0.04,832b9bfffffffff
1226,0.49,832ab4fffffffff
1227,0.98,832b8efffffffff
1228,0.65,832b9bfffffffff
1229,0.47,832b93fffffffff
1230,0.92,832b9bfffffffff
1231,0.69,832ab4fffffffff
1232,0.97,832b9bfffffffff
1233,0.99,832b9bfffffffff
1234,0.18,832b9dfffffffff
1235,4.77,832b81fffffffff
1236,0.89,832b9bfffffffff
1237,4.97,832b9afffffffff
1238,0.59,832b9bfffffffff
1239,0.07,832ab4fffffffff
1240,0.8,832b9bfffffffff
1241,0.95,832b9bfffffffff
1242,0.48,832b9bfffffffff
1243,0.85,832b83fffffffff
1244,0.13,832b9dfffffffff
1245,3.27,832ab4fffffffff
1246,3.63,832ab4fffffffff
1247,0.82,832b9bfffffffff
1248,0.64,832b81fffffffff
1249,3.17,832b9bfffffffff
1250,0.61,832b9bfffffffff
1251,0.43,832b9bfffffffff
1252,3.29,832ab4fffffffff
1253,0.73,832ab4fffffffff
1254,2.19,832b9bfffffffff
1255,0.66,832ab4fffffffff
1256,0.53,832ab4fffffffff
1257,0.93,832b9bfffffffff
1258,0.41,832ab4fffffffff
1259,0.48,832b9dfffffffff
1260,0.63,832b83fffffffff
1261,0.62,832b9bfffffffff
1262,0.64,832b9bfffffffff
1263,0.49,832b83fffffffff
1264,0.33,832b9bfffffffff
1265,0.52,832b83fffffffff
1266,0.13,832b9bfffffffff
1267,0.93,832b83fffffffff
1268,0.32,832b9bfffffffff
1269,0.87,832b81fffffffff
1270,0.16,832b9dfffffffff
1271,0.68,832b9bfffffffff
1272,0.52,832b9bfffffffff
1273,0.65,832b9dfffffffff
1274,0.13,832b93fffffffff
1275,0.93,832b9dfffffffff
1276,0.9,832b83fffffffff
1277,4.36,832b9bfffffffff
1278,2.27,832b93fffffffff
1279,0.12,832b9bfffffffff
1280,0.36,832b9dfffffffff
1281,0.57,832b83fffffffff
1282,0.45,832b83fffffffff
1283,3.88,832b9bfffffffff
1284,3.45,832b81fffffffff
1285,0.35,832b9dfffffffff
1286,0.57,832b9bfffffffff
1287,3.2,832b9bfffffffff
1288,0.78,832b92fffffffff
1289,0.82,832ab4fffffffff
1290,0.66,832b9bfffffffff
1291,0.51,832ab4fffffffff
1292,0.33,832b93fffffffff
1293,0.68,832ab4fffffffff
1294,4.26,832b9bfffffffff
1295,0.86,832b9dfffffffff
1296,0.99,832b83fffffffff
1297,0.51,832b9bfffffffff
1298,0.83,832b83fffffffff
1299,0.68,832ab4fffffffff
1300,0.73,832ab4fffffffff
1301,3.3,832b93fffffffff
1302,0.41,832b9bfffffffff
1303,0.67,832ab4fffffffff
1304,0.65,832b9bfffffffff
1305,0.98,832b9bfffffffff
1306,0.95,832ab4fffffffff
1307,0.82,832b92fffffffff
1308,0.94,832ab4fffffffff
1309,0.02,832b9bfffffffff
1310,0.92,832ab4fffffffff
1311,0.5,832ab4fffffffff
1312,0.39,832b9bfffffffff
1313,0.83,832b93fffffffff
1314,0.62,832b9bfffffffff
1315,0.85,832b9bfffffffff
1316,0.83,832ab4fffffffff
1317,0.91,832b9bfffffffff
1318,0.76,832b9bfffffffff
1319,0.07,832ab4fffffffff
1320,0.45,832ab4fffffffff
1321,0.72,832b9dfffffffff
1322,4.66,832ab4fffffffff
1323,0.07,832b9bfffffffff
1324,0.41,832b9bfffffffff
1325,0.47,832b9dfffffffff
1326,0.71,832b9bfffffffff
1327,0.15,832b9bfffffffff
1328,0.73,832ab4fffffffff
1329,0.09,832b9dfffffffff
1330,0.59,832b9bfffffffff
1331,0.74,832b9bfffffffff
1332,0.07,832b81fffffffff
1333,0.85,832b9bfffffffff
1334,0.74,832b93fffffffff
1335,0.49,832b9dfffffffff
1336,0.97,832b9bfffffffff
1337,0.39,832b81fffffffff
1338,0.02,832b9bfffffffff
1339,0.03,832b9bfffffffff
1340,3.19,832b9bfffffffff
1341,0.13,832ab4fffffffff
1342,2.25,832b9dfffffffff
1343,2.47,832ab4fffffffff
1344,3.85,832b9bfffffffff
1345,0.4,832b9bfffffffff
1346,0.06,832b9bfffffffff
1347,0.14,832b9bfffffffff
1348,0.42,832b81fffffffff
1349,0.69,832b83fffffffff
1350,0.66,832ab4fffffffff
1351,0.66,832b9afffffffff
1352,0.77,832b9bfffffffff
1353,0.12,832b83fffffffff
1354,0.19,832b9dfffffffff
1355,0.19,832b92fffffffff
1356,0.31,832ab4fffffffff
1357,3.57,832b9bfffffffff
1358,0.8,832b9bfffffffff
1359,0.19,832b83fffffffff
1360,0.57,832ab4fffffffff
1361,0.56,832b83fffffffff
1362,0.75,832b9bfffffffff
1363,0.81,832ab4fffffffff
1364,0.08,832b9bfffffffff
1365,2.49,832b83fffffffff
1366,0.84,832ab5fffffffff
1367,0.57,832ab4fffffffff
1368,0.65,832ab4fffffffff
1369,0.31,832b83fffffffff
1370,0.05,832ab4fffffffff
1371,0.63,832b9bfffffffff
1372,0.49,832b9bfffffffff
1373,2.46,832b83fffffffff
1374,0.58,832b9bfffffffff
1375,0.74,832ab4fffffffff
1376,3.37,832b98fffffffff
1377,2.96,832b83fffffffff
1378,3.08,832b9dfffffffff
1379,0.71,832ab4fffffffff
1380,0.48,832b98fffffffff
1381,0.76,832b92fffffffff
1382,0.58,832ab4fffffffff
1383,4.05,832b9bfffffffff
1384,0.43,832b9bfffffffff
1385,0.49,832b9bfffffffff
1386,0.85,832b83fffffffff
1387,3.17,832b9bfffffffff
1388,0.51,832b83fffffffff
1389,2.35,832b83fffffffff
1390,0.66,832b83fffffffff
1391,0.13,832ab4fffffffff
1392,3.0,832b9bfffffffff
1393,3.14,832b9bfffffffff
1394,0.58,832b9bfffffffff
1395,2.61,832b9bfffffffff
1396,3.83,832b93fffffffff
1397,2.44,832b9bfffffffff
1398,0.71,832b83fffffffff
1399,0.72,832b93fffffffff
1400,0.02,832b83fffffffff
1401,0.35,832b9afffffffff
1402,0.94,832b9afffffffff
1403,0.19,832b9bfffffffff
1404,0.44,832b9bfffffffff
1405,0.65,832ab4fffffffff
1406,0.72,832ab4fffffffff
1407,0.38,832b93fffffffff
1408,0.75,832b9dfffffffff
1409,3.97,832b9bfffffffff
1410,0.93,832b9bfffffffff
1411,0.72,832b9bfffffffff
1412,0.89,832b9dfffffffff
1413,2.61,832ab4fffffffff
1414,1.0,832b83fffffffff
1415,0.87,832b9bfffffffff
1416,0.55,832ab0fffffffff
1417,1.0,832b9bfffffffff
1418,4.38,832b83fffffffff
1419,4.26,832b9bfffffffff
1420,0.2,830ecefffffffff
1421,0.94,832ab4fffffffff
1422,0.17,832b9bfffffffff
1423,0.5,832ab4fffffffff
1424,0.39,832b93fffffffff
1425,0.49,832b9bfffffffff
1426,0.57,832b92fffffffff
1427,0.55,832ab4fffffffff
1428,0.64,832b9bfffffffff
1429,3.05,832ab4fffffffff
1430,0.03,832ab4fffffffff
1431,0.04,832b9dfffffffff
1432,0.43,832b9bfffffffff
1433,0.91,832b9bfffffffff
1434,4.4,832b9bfffffffff
1435,3.69,832b83fffffffff
1436,0.9,832ab4fffffffff
1437,4.6,832b9bfffffffff
1438,0.06,832b9bfffffffff
1439,0.88,832b93fffffffff
1440,0.67,832b9bfffffffff
1441,0.77,832b83fffffffff
1442,0.03,832b9bfffffffff
1443,3.0,832ab4fffffffff
1444,0.12,832ab4fffffffff
1445,0.39,832b9dfffffffff
1446,3.72,832b9afffffffff
1447,0.91,832b83fffffffff
1448,0.39,832b9efffffffff
1449,2.09,832b9bfffffffff
1450,0.75,832b9bfffffffff
1451,0.7,832ab4fffffffff
1452,0.74,832b9bfffffffff
1453,0.33,832ab4fffffffff
1454,0.11,832b9bfffffffff
1455,0.08,832b9bfffffffff
1456,0.6,832ab4fffffffff
1457,0.03,832ab4fffffffff
1458,0.6,832ab4fffffffff
1459,0.18,832b92fffffffff
1460,0.96,832b9bfffffffff
1461,0.65,832ab4fffffffff
1462,0.2,832b9dfffffffff
1463,0.76,832b92fffffffff
1464,0.44,832b9dfffffffff
1465,0.89,832ab4fffffffff
1466,0.43,832b9bfffffffff
1467,4.47,832b9bfffffffff
1468,0.44,832b83fffffffff
1469,0.94,832b9bfffffffff
1470,0.76,832b9dfffffffff
1471,0.03,832b9bfffffffff
1472,0.87,832b81fffffffff
1473,0.91,832b92fffffffff
1474,0.11,832b9bfffffffff
1475,0.47,832ab4fffffffff
1476,0.52,832b9bfffffffff
1477,0.35,832ab6fffffffff
1478,0.35,832b83fffffffff
1479,0.37,832b9dfffffffff
1480,0.86,832b83fffffffff
1481,3.26,832b9bfffffffff
1482,0.42,832b83fffffffff
1483,4.73,832b9dfffffffff
1484,0.9,832b9bfffffffff
1485,0.36,832ab4fffffffff
1486,0.71,832b9bfffffffff
1487,0.42,832b9bfffffffff
1488,0.71,832b83fffffffff
1489,0.17,832b9bfffffffff
1490,0.86,832ab4fffffffff
1491,0.43,832b9dfffffffff
1492,0.37,832b9bfffffffff
1493,4.78,832b9dfffffffff
1494,0.46,832ab4fffffffff
1495,0.45,832ab4fffffffff
1496,0.55,832b9bfffffffff
1497,0.7,832b9bfffffffff
1498,0.14,832b9dfffffffff
1499,0.54,832b83fffffffff
1500,3.25,832b9bfffffffff
1501,0.11,832ab4fffffffff
1502,0.48,832ab4fffffffff
1503,0.95,832b9bfffffffff
1504,0.37,832ab4fffffffff
1505,3.26,832ab4fffffffff
1506,2.63,832b83fffffffff
1507,0.84,832b9bfffffffff
1508,0.16,832b9bfffffffff
1509,0.13,832ab4fffffffff
1510,0.37,832b9bfffffffff
1511,0.83,832b9bfffffffff
1512,0.61,832b9bfffffffff
1513,0.65,832b9bfffffffff
1514,0.88,832b93fffffffff
1515,0.11,832b92fffffffff
1516,0.12,832ab4fffffffff
1517,0.31,832b9bfffffffff
1518,0.46,832b92fffffffff
1519,0.44,832b83fffffffff
1520,0.85,832b93fffffffff
1521,0.11,832ab4fffffffff
1522,0.97,832b9bfffffffff
1523,0.48,832ab4fffffffff
1524,3.43,832b9bfffffffff
1525,0.16,832ab4fffffffff
1526,0.15,832b81fffffffff
1527,0.15,832b92fffffffff
1528,0.46,832b9bfffffffff
1529,2.32,832b9bfffffffff
1530,0.64,832b9bfffffffff
1531,0.54,832b9bfffffffff
1532,3.64,832b8efffffffff
1533,3.38,832ab4fffffffff
1534,0.44,832ab4fffffffff
1535,0.78,832ab4fffffffff
1536,0.9,832b9bfffffffff
1537,0.55,832ab4fffffffff
1538,0.08,832b98fffffffff
1539,0.12,832ab4fffffffff
1540,0.6,832ab4fffffffff
1541,0.08,832b92fffffffff
1542,0.86,832ab4fffffffff
1543,1.0,832b9dfffffffff
1544,0.63,832b9bfffffffff
1545,3.99,832b9bfffffffff
1546,0.81,832b9bfffffffff
1547,2.8,832b9bfffffffff
1548,0.03,832b9bfffffffff
1549,0.4,832b83fffffffff
1550,0.42,832b9bfffffffff
1551,0.04,832b9bfffffffff
1552,4.99,832b9bfffffffff
1553,4.25,832b9bfffffffff
1554,0.61,832ab0fffffffff
1555,2.16,832b9bfffffffff
1556,0.92,832b93fffffffff
1557,4.95,832b81fffffffff
1558,0.97,832b93fffffffff
1559,0.56,832b9bfffffffff
1560,0.31,832b9bfffffffff
1561,0.04,832b9bfffffffff
1562,3.67,832b81fffffffff
1563,0.97,832b9bfffffffff
1564,0.4,832b9bfffffffff
1565,0.7,832b9bfffffffff
1566,0.14,832ab4fffffffff
1567,0.91,832b9bfffffffff
1568,0.33,832b9bfffffffff
1569,0.67,832b93fffffffff
1570,0.8,832b9bfffffffff
1571,0.1,832b81fffffffff
1572,0.77,832b9bfffffffff
1573,0.66,832b9bfffffffff
1574,0.44,832ab0fffffffff
1575,0.99,832b9bfffffffff
1576,0.04,832b83fffffffff
1577,0.97,832b98fffffffff
1578,0.13,832b9dfffffffff
1579,3.89,832b9bfffffffff
1580,3.4,832b9bfffffffff
1581,2.96,832b9bfffffffff
1582,3.06,832b9bfffffffff
1583,0.35,832b9bfffffffff
1584,0.36,832b81fffffffff
1585,0.08,832b93fffffffff
1586,0.06,832b92fffffffff
1587,4.54,832b83fffffffff
1588,0.97,832ab4fffffffff
1589,0.68,832ab4fffffffff
1590,4.5,832b9dfffffffff
1591,0.02,832ab4fffffffff
1592,3.36,832b9bfffffffff
1593,0.59,832b93fffffffff
1594,0.94,832b81fffffffff
1595,0.97,832b9bfffffffff
1596,0.33,832b98fffffffff
1597,0.62,832b9bfffffffff
1598,0.37,832b83fffffffff
1599,0.15,832b9bfffffffff
1600,0.97,832b81fffffffff
1601,0.51,832b9bfffffffff
1602,0.57,832b9afffffffff
1603,0.89,832b9bfffffffff
1604,0.76,832b9bfffffffff
1605,0.75,832ab4fffffffff
1606,0.14,832b93fffffffff
1607,0.66,832ab4fffffffff
1608,0.7,832b9bfffffffff
1609,0.72,832b9dfffffffff
1610,0.83,832ab4fffffffff
1611,0.39,832b9bfffffffff
1612,0.88,832b93fffffffff
1613,0.85,832b92fffffffff
1614,0.54,832b9bfffffffff
1615,0.85,832b9bfffffffff
1616,0.04,832ab4fffffffff
1617,0.5,832b9bfffffffff
1618,0.56,832b83fffffffff
1619,0.11,832ab4fffffffff
1620,0.2,832ab4fffffffff
1621,0.84,832b9bfffffffff
1622,0.06,832ab4fffffffff
1623,0.7,832b9afffffffff
1624,0.47,832ab4fffffffff
1625,0.75,832b9bfffffffff
1626,0.45,832b9bfffffffff
1627,0.58,832b81fffffffff
1628,0.13,832b81fffffffff
1629,0.83,832b9bfffffffff
1630,4.37,832b9bfffffffff
1631,0.37,832b93fffffffff
1632,2.02,832b9bfffffffff
1633,0.08,832b83fffffffff
1634,0.48,832ab4fffffffff
1635,3.56,832b9bfffffffff
1636,0.1,832b9dfffffffff
1637,3.96,832ab4fffffffff
1638,0.99,832ab4fffffffff
1639,0.37,832b9bfffffffff
1640,0.8,832ab4fffffffff
1641,4.32,832ab4fffffffff
1642,0.85,832b9bfffffffff
1643,0.52,832b83fffffffff
1644,0.61,832b83fffffffff
1645,0.82,832b9dfffffffff
1646,2.79,832b81fffffffff
1647,0.52,832b93fffffffff
1648,0.13,832b93fffffffff
1649,3.22,832b83fffffffff
1650,0.67,832b81fffffffff
1651,0.16,832b9bfffffffff
1652,0.59,832b93fffffffff
1653,0.94,832b93fffffffff
1654,0.31,832ab4fffffffff
1655,0.37,832b9bfffffffff
1656,3.03,832b9bfffffffff
1657,4.25,832ab4fffffffff
1658,0.07,832b93fffffffff
1659,0.33,832b9bfffffffff
1660,0.87,832b9bfffffffff
1661,4.26,832b9bfffffffff
1662,0.14,832b9bfffffffff
1663,3.31,832b9bfffffffff
1664,0.18,832b9bfffffffff
1665,0.99,832ab4fffffffff
1666,0.42,832b9bfffffffff
1667,0.89,832b9bfffffffff
1668,0.16,832b93fffffffff
1669,3.02,832b9bfffffffff
1670,3.17,832ab4fffffffff
1671,0.47,832b9bfffffffff
1672,0.73,832b9bfffffffff
1673,4.67,832b9bfffffffff
1674,0.77,832b9dfffffffff
1675,0.8,832b9bfffffffff
1676,0.11,832b9bfffffffff
1677,0.06,832ab4fffffffff
1678,0.85,832b9bfffffffff
1679,0.03,832ab4fffffffff
1680,0.56,832b83fffffffff
1681,2.23,832ab4fffffffff
1682,0.76,832ab4fffffffff
1683,0.12,832b83fffffffff
1684,0.99,832b9bfffffffff
1685,0.51,832b81fffffffff
1686,0.08,832b98fffffffff
1687,0.78,832ab4fffffffff
1688,0.64,832ab4fffffffff
1689,3.27,832b83fffffffff
1690,0.18,832b93fffffffff
1691,0.83,832ab4fffffffff
1692,2.42,832b9bfffffffff
1693,0.38,832ab4fffffffff
1694,0.7,832b9bfffffffff
1695,2.4,832b9bfffffffff
1696,0.42,832b9bfffffffff
1697,3.78,832b9bfffffffff
1698,0.12,832b9bfffffffff
1699,0.82,832b83fffffffff
1700,0.16,832ab4fffffffff
1701,4.75,832b83fffffffff
1702,0.55,832b9dfffffffff
1703,0.07,832b9dfffffffff
1704,2.26,832ab4fffffffff
1705,0.62,832ab0fffffffff
1706,0.46,832b9bfffffffff
1707,0.53,832b9bfffffffff
1708,0.41,832b9bfffffffff
1709,0.47,832b81fffffffff
1710,0.89,832ab4fffffffff
1711,0.04,832ab4fffffffff
1712,0.33,832b9bfffffffff
1713,0.63,832b9bfffffffff
1714,0.7,832b9bfffffffff
1715,0.94,832b9bfffffffff
1716,0.57,832b9bfffffffff
1717,0.63,832ab4fffffffff
1718,0.09,832b9bfffffffff
1719,4.88,832ab4fffffffff
1720,0.52,832ab4fffffffff
1721,0.89,832b9bfffffffff
1722,0.03,832ab4fffffffff
1723,0.55,832ab4fffffffff
1724,2.19,832ab4fffffffff
1725,0.42,832ab4fffffffff
1726,0.7,832b83fffffffff
1727,0.2,832ab0fffffffff
1728,0.33,832b9bfffffffff
1729,0.74,832b9bfffffffff
1730,0.4,832b9bfffffffff
1731,3.84,832ab4fffffffff
1732,0.84,832b9bfffffffff
1733,0.79,832ab4fffffffff
1734,0.64,832b9bfffffffff
1735,0.91,832b9bfffffffff
1736,0.81,832ab4fffffffff
1737,4.86,832b83fffffffff
1738,0.63,832b83fffffffff
1739,0.71,832b9dfffffffff
1740,0.76,832b9bfffffffff
1741,0.92,832ab4fffffffff
1742,0.05,832b93fffffffff
1743,0.19,832ab4fffffffff
1744,0.14,832b9bfffffffff
1745,0.09,832b9bfffffffff
1746,0.5,832ab4fffffffff
1747,0.5,832b9bfffffffff
1748,0.39,832ab4fffffffff
1749,2.25,832ab4fffffffff
1750,0.41,832ab4fffffffff
1751,2.03,832b9bfffffffff
1752,3.57,832ab4fffffffff
1753,0.03,832b9bfffffffff
1754,0.04,832b9dfffffffff
1755,0.63,832b92fffffffff
1756,0.95,832b93fffffffff
1757,0.74,832b9bfffffffff
1758,3.98,832ab4fffffffff
1759,0.45,832ab4fffffffff
1760,4.85,832b93fffffffff
1761,0.71,832b9bfffffffff
1762,0.49,832b9bfffffffff
1763,0.66,832b93fffffffff
1764,0.04,832b9bfffffffff
1765,0.85,832b9dfffffffff
1766,0.32,832b83fffffffff
1767,0.58,832b93fffffffff
1768,0.33,832b9bfffffffff
1769,0.64,832b9bfffffffff
1770,0.66,832b81fffffffff
1771,3.44,832b9bfffffffff
1772,0.85,832b9bfffffffff
1773,0.93,832b9bfffffffff
1774,0.76,832ab4fffffffff
1775,0.55,832b83fffffffff
1776,0.99,832b9bfffffffff
1777,3.05,832b9bfffffffff
1778,3.03,832ab4fffffffff
1779,2.78,832b83fffffffff
1780,0.52,832b9bfffffffff
1781,0.92,832b9dfffffffff
1782,0.46,832b9bfffffffff
1783,2.78,832b9bfffffffff
1784,0.4,832ab4fffffffff
1785,0.13,832b9bfffffffff
1786,2.76,832b9dfffffffff
1787,0.11,832b9bfffffffff
1788,0.7,832ab4fffffffff
1789,3.99,832ab4fffffffff
1790,0.64,832b9bfffffffff
1791,0.62,832ab4fffffffff
1792,1.0,832b91fffffffff
1793,0.33,832b9bfffffffff
1794,0.47,832b9bfffffffff
1795,0.9,832b9afffffffff
1796,0.59,832ab4fffffffff
1797,4.57,832b9dfffffffff
1798,0.46,832b83fffffffff
1799,0.87,832ab6fffffffff
1800,0.91,832ab4fffffffff
1801,4.66,832b92fffffffff
1802,0.94,832ab4fffffffff
1803,2.72,832b9bfffffffff
1804,0.18,832b9bfffffffff
1805,2.36,832b92fffffffff
1806,0.4,832ab0fffffffff
1807,0.47,832b9bfffffffff
1808,0.41,832b9bfffffffff
1809,0.93,832b81fffffffff
1810,0.04,832b9bfffffffff
1811,0.79,832b83fffffffff
1812,0.87,832b9dfffffffff
1813,0.55,832b9bfffffffff
1814,0.17,832b9bfffffffff
1815,2.98,832b9bfffffffff
1816,0.62,832b9bfffffffff
1817,0.35,832b93fffffffff
1818,0.42,832b9bfffffffff
1819,0.48,832ab4fffffffff
1820,0.95,832ab0fffffffff
1821,0.6,832b93fffffffff
1822,0.08,832b9bfffffffff
1823,4.67,832b81fffffffff
1824,3.27,832ab0fffffffff
1825,0.96,832b9bfffffffff
1826,0.49,832b98fffffffff
1827,0.76,832ab4fffffffff
1828,0.83,832b83fffffffff
1829,0.86,832ab4fffffffff
1830,0.18,832b83fffffffff
1831,0.39,832ab4fffffffff
1832,0.04,832b9dfffffffff
1833,0.68,832ab0fffffffff
1834,0.58,832ab4fffffffff
1835,2.23,832b9bfffffffff
1836,0.94,832b93fffffffff
1837,0.57,832b98fffffffff
1838,2.75,832b9bfffffffff
1839,4.44,832ab4fffffffff
1840,0.31,832ab4fffffffff
1841,0.12,832b9bfffffffff
1842,0.92,832b9bfffffffff
1843,0.57,832b9bfffffffff
1844,0.14,832b9bfffffffff
1845,0.84,832b92fffffffff
1846,0.52,832b93fffffffff
1847,0.92,832b9dfffffffff
1848,0.69,832ab4fffffffff
1849,0.42,832b8efffffffff
1850,2.95,832b9bfffffffff
1851,2.36,832b83fffffffff
1852,0.83,832b98fffffffff
1853,0.11,832b81fffffffff
1854,0.33,832ab4fffffffff
1855,0.19,832ab4fffffffff
1856,0.9,832b9dfffffffff
1857,0.77,832ab4fffffffff
1858,0.76,832b9bfffffffff
1859,0.15,832b8efffffffff
1860,2.16,832b83fffffffff
1861,0.61,832b83fffffffff
1862,0.59,832b9bfffffffff
1863,0.1,832b93fffffffff
1864,0.3,832b81fffffffff
1865,0.67,832ab4fffffffff
1866,3.04,832ab4fffffffff
1867,0.95,832b9bfffffffff
1868,0.64,832ab4fffffffff
1869,0.83,832b83fffffffff
1870,0.84,832b9bfffffffff
1871,0.71,832b9bfffffffff
1872,0.93,832b9bfffffffff
1873,0.78,832b83fffffffff
1874,0.71,832ab4fffffffff
1875,0.65,832b9bfffffffff
1876,0.46,832b93fffffffff
1877,0.06,832b93fffffffff
1878,0.85,832b9bfffffffff
1879,0.11,832b9bfffffffff
1880,0.81,832b92fffffffff
1881,0.54,832b9bfffffffff
1882,0.17,832b9bfffffffff
1883,0.07,832ab4fffffffff
1884,3.04,832b83fffffffff
1885,0.79,832ab4fffffffff
1886,0.12,832b9bfffffffff
1887,0.74,832b9bfffffffff
1888,3.64,832b9bfffffffff
1889,0.62,832b9bfffffffff
1890,0.95,832b83fffffffff
1891,0.85,832b83fffffffff
1892,0.71,832b9bfffffffff
1893,0.37,832b9bfffffffff
1894,0.19,832b9bfffffffff
1895,0.63,832b9bfffffffff
1896,0.58,832b9bfffffffff
1897,0.48,832b9bfffffffff
1898,0.5,832b9bfffffffff
1899,0.46,832b9bfffffffff
1900,2.85,832b81fffffffff
1901,0.54,832b93fffffffff
1902,3.01,832b83fffffffff
1903,0.88,832b83fffffffff
1904,3.88,832b98fffffffff
1905,0.83,832ab0fffffffff
1906,0.36,832b93fffffffff
1907,0.95,832ab4fffffffff
1908,3.04,832b83fffffffff
1909,0.92,832b9bfffffffff
1910,0.45,832ab4fffffffff
1911,0.35,832b93fffffffff
1912,0.55,832b9bfffffffff
1913,2.89,832ab4fffffffff
1914,0.48,832ab4fffffffff
1915,0.3,832b9bfffffffff
1916,4.44,832b9bfffffffff
1917,2.49,832b9bfffffffff
1918,0.73,832ab4fffffffff
1919,0.83,832b9bfffffffff
1920,0.94,832b81fffffffff
1921,0.09,832b9bfffffffff
1922,0.7,832b9bfffffffff
1923,4.04,832ab4fffffffff
1924,0.19,832b81fffffffff
1925,0.11,832b83fffffffff
1926,0.79,832b9dfffffffff
1927,0.57,832b9dfffffffff
1928,0.19,832b9bfffffffff
1929,0.12,832b8efffffffff
1930,0.98,832b9dfffffffff
1931,4.99,832b9bfffffffff
1932,0.89,832ab4fffffffff
1933,0.54,832b9bfffffffff
1934,0.33,832b83fffffffff
1935,0.19,832b9bfffffffff
1936,0.02,832b9dfffffffff
1937,0.58,832b9bfffffffff
1938,0.36,832ab4fffffffff
1939,0.12,832b9bfffffffff
1940,0.57,832b9dfffffffff
1941,0.46,832b9bfffffffff
1942,4.84,832ab4fffffffff
1943,0.84,832b83fffffffff
1944,0.13,832ab4fffffffff
1945,0.91,832b9afffffffff
1946,4.54,832ab4fffffffff
1947,0.11,832b81fffffffff
1948,3.44,832b9bfffffffff
1949,0.8,832b9bfffffffff
1950,0.88,832b93fffffffff
1951,0.07,832b83fffffffff
1952,0.57,832b83fffffffff
1953,0.51,832ab4fffffffff
1954,0.64,832ab4fffffffff
1955,0.87,832b93fffffffff
1956,0.1,832b9bfffffffff
1957,0.62,832b9bfffffffff
1958,0.09,832b93fffffffff
1959,0.35,832b9bfffffffff
1960,1.0,832b83fffffffff
1961,0.8,832b93fffffffff
1962,0.18,832b9bfffffffff
1963,0.13,832b9bfffffffff
1964,0.73,832b9bfffffffff
1965,0.07,832b9bfffffffff
1966,0.61,832b83fffffffff
1967,0.03,832b93fffffffff
1968,0.71,832b9dfffffffff
1969,0.04,832b9bfffffffff
1970,3.93,832b9bfffffffff
1971,0.65,832b9dfffffffff
1972,0.75,832b9dfffffffff
1973,4.88,832b81fffffffff
1974,0.56,832b9bfffffffff
1975,0.72,832b81fffffffff
1976,2.75,832ab4fffffffff
1977,2.15,832b81fffffffff
1978,0.04,832ab4fffffffff
1979,3.89,832b93fffffffff
1980,0.09,832b9bfffffffff
1981,0.61,832b9bfffffffff
1982,0.34,830edefffffffff
1983,0.84,832b9bfffffffff
1984,4.9,832b9bfffffffff
1985,0.97,832ab4fffffffff
1986,0.84,832ab4fffffffff
1987,2.43,832b9bfffffffff
1988,0.81,832b9bfffffffff
1989,0.31,832ab4fffffffff
1990,0.04,832b9bfffffffff
1991,0.82,832ab4fffffffff
1992,0.4,832b9bfffffffff
1993,2.12,832b9bfffffffff
1994,0.62,832b93fffffffff
1995,0.52,832b9bfffffffff
1996,2.9,832b92fffffffff
1997,0.52,832ab4fffffffff
1998,0.34,832b83fffffffff
1999,0.42,832b83fffffffff
2000,0.98,832b93fffffffff
2001,2.97,832b9bfffffffff
2002,2.52,832b9bfffffffff
2003,4.35,832b9bfffffffff
2004,0.05,832b93fffffffff
2005,0.8,832b9bfffffffff
2006,4.57,832b9bfffffffff
2007,0.48,832ab4fffffffff
2008,2.84,832b9bfffffffff
2009,0.92,832b9bfffffffff
2010,0.78,832b9bfffffffff
2011,4.8,832b9bfffffffff
2012,4.18,832b9bfffffffff
2013,0.4,832b83fffffffff
2014,0.46,832b9dfffffffff
2015,0.38,832ab4fffffffff
2016,0.83,832b9bfffffffff
2017,0.46,832b83fffffffff
2018,0.97,832b9bfffffffff
2019,4.51,832b9bfffffffff
2020,0.53,832b9dfffffffff
2021,3.52,832ab5fffffffff
2022,0.12,832b83fffffffff
2023,0.85,832b9bfffffffff
2024,0.89,832b9bfffffffff
2025,0.49,832b8efffffffff
2026,0.08,832ab4fffffffff
2027,0.89,832ab4fffffffff
2028,0.41,832b83fffffffff
2029,0.08,832b93fffffffff
2030,0.08,832b9bfffffffff
2031,0.46,832b93fffffffff
2032,0.85,832b9bfffffffff
2033,0.81,832b83fffffffff
2034,0.11,832b93fffffffff
2035,0.88,832ab4fffffffff
2036,0.41,832ab0fffffffff
2037,0.16,832b9bfffffffff
2038,3.27,832b83fffffffff
2039,0.48,832ab0fffffffff
2040,0.65,832b83fffffffff
2041,0.31,832b93fffffffff
2042,0.49,832b9dfffffffff
2043,0.5,832b9bfffffffff
2044,0.92,832ab4fffffffff
2045,0.92,832b83fffffffff
2046,0.31,832ab4fffffffff
2047,0.98,832b9bfffffffff
2048,0.83,832b92fffffffff
2049,2.34,832b92fffffffff
2050,4.99,832b81fffffffff
2051,0.33,832b9bfffffffff
2052,0.72,832b83fffffffff
2053,4.97,832b83fffffffff
2054,0.95,832ab4fffffffff
2055,0.77,832b92fffffffff
2056,1.0,832ab4fffffffff
2057,0.99,832ab4fffffffff
2058,0.72,832b81fffffffff
2059,0.96,832b9bfffffffff
2060,4.51,832ab4fffffffff
2061,0.56,832ab4fffffffff
2062,0.17,832b93fffffffff
2063,0.1,832b9bfffffffff
2064,0.89,832b9bfffffffff
2065,0.51,832b81fffffffff
2066,0.03,832b9bfffffffff
2067,0.93,832ab4fffffffff
2068,0.06,832b9bfffffffff
2069,0.1,832ab4fffffffff
2070,0.63,832b81fffffffff
2071,0.11,832b9bfffffffff
2072,0.31,832b9bfffffffff
2073,0.48,832ab4fffffffff
2074,0.76,832ab4fffffffff
2075,0.4,832ab4fffffffff
2076,0.07,832b9bfffffffff
2077,0.08,832b9bfffffffff
2078,3.42,832b9bfffffffff
2079,0.11,832b9bfffffffff
2080,0.74,832b9afffffffff
2081,3.18,832b9bfffffffff
2082,0.43,832b93fffffffff
2083,0.1,832b93fffffffff
2084,0.86,832ab0fffffffff
2085,0.07,832b9bfffffffff
2086,0.58,832b9bfffffffff
2087,0.63,832b9bfffffffff
2088,0.75,832b9dfffffffff
2089,0.77,832b9dfffffffff
2090,0.33,832b93fffffffff
2091,2.17,832b9dfffffffff
2092,0.3,832b9bfffffffff
2093,0.71,832b9bfffffffff
2094,4.68,832b9dfffffffff
2095,0.87,832ab0fffffffff
2096,0.72,832b83fffffffff
2097,2.99,832b9dfffffffff
2098,0.57,832b9bfffffffff
2099,0.4,832b9bfffffffff
2100,0.05,832b9bfffffffff
2101,0.8,832b9bfffffffff
2102,0.05,832ab4fffffffff
2103,0.31,832ab4fffffffff
2104,0.48,832ab4fffffffff
2105,0.18,832ab4fffffffff
2106,0.61,832b9bfffffffff
2107,0.32,832b9bfffffffff
2108,0.32,832b9dfffffffff
2109,0.79,832ab4fffffffff
2110,1.0,832b9bfffffffff
2111,4.11,832ab4fffffffff
2112,0.49,832b8efffffffff
2113,0.04,832b9dfffffffff
2114,0.57,832b9bfffffffff
2115,0.61,832b83fffffffff
2116,0.18,832b83fffffffff
2117,0.1,832b9afffffffff
2118,0.43,832b9bfffffffff
2119,0.64,832b9afffffffff
2120,0.96,832b9bfffffffff
2121,3.29,832b9bfffffffff
2122,0.87,832b93fffffffff
2123,0.3,832b9bfffffffff
2124,0.39,832b9bfffffffff
2125,0.2,832b83fffffffff
2126,0.77,832ab4fffffffff
2127,0.69,832b81fffffffff
2128,0.95,832b92fffffffff
2129,0.69,832b9dfffffffff
2130,1.0,832b9dfffffffff
2131,0.66,832b83fffffffff
2132,0.47,832b83fffffffff
2133,0.63,832ab4fffffffff
2134,0.75,832b9bfffffffff
2135,0.43,832b92fffffffff
2136,0.46,832b9bfffffffff
2137,0.59,832b9bfffffffff
2138,4.31,832ab4fffffffff
2139,0.82,832b83fffffffff
2140,0.08,832b81fffffffff
2141,0.41,832b9bfffffffff
2142,0.08,832b83fffffffff
2143,0.57,832b9bfffffffff
2144,0.51,832b92fffffffff
2145,0.76,832b83fffffffff
2146,0.05,832ab4fffffffff
2147,0.97,832b9bfffffffff
2148,0.02,832b93fffffffff
2149,2.56,832b9bfffffffff
2150,0.04,832ab4fffffffff
2151,0.83,832ab0fffffffff
2152,3.68,832b9bfffffffff
2153,4.54,832b9bfffffffff
2154,0.38,832ab4fffffffff
2155,0.53,832b9bfffffffff
2156,4.07,832ab4fffffffff
2157,3.23,832b9bfffffffff
2158,0.46,832b9bfffffffff
2159,0.98,832b83fffffffff
2160,0.53,832b9afffffffff
2161,0.88,832b9bfffffffff
2162,0.04,832b9bfffffffff
2163,4.21,832b98fffffffff
2164,0.11,832b98fffffffff
2165,0.89,832ab4fffffffff
2166,0.65,832b9bfffffffff
2167,0.19,832ab0fffffffff
2168,0.46,832b92fffffffff
2169,0.45,832b83fffffffff
2170,2.47,832ab4fffffffff
2171,0.4,832b9bfffffffff
2172,0.61,832b92fffffffff
2173,2.35,832ab4fffffffff
2174,2.92,832b98fffffffff
2175,0.6,832ab4fffffffff
2176,0.31,832b9bfffffffff
2177,0.37,832b83fffffffff
2178,0.32,832b9bfffffffff
2179,0.32,832ab4fffffffff
2180,0.77,832b93fffffffff
2181,0.08,832b9bfffffffff
2182,0.97,832b9bfffffffff
2183,4.01,832b9bfffffffff
2184,0.36,832b9bfffffffff
2185,4.72,832b9bfffffffff
2186,0.06,832b93fffffffff
2187,0.65,832ab5fffffffff
2188,0.54,832b93fffffffff
2189,0.11,832b9bfffffffff
2190,3.2,832b9dfffffffff
2191,4.18,832ab4fffffffff
2192,0.09,832b83fffffffff
2193,0.52,832b81fffffffff
2194,0.8,832ab4fffffffff
2195,0.63,832b9bfffffffff
2196,0.67,832b93fffffffff
2197,2.17,832b83fffffffff
2198,0.77,832b93fffffffff
2199,0.83,832b98fffffffff
2200,3.49,832b9bfffffffff
2201,0.93,832ab4fffffffff
2202,0.57,832b83fffffffff
2203,0.02,832b9bfffffffff
2204,0.38,832b9bfffffffff
2205,0.91,832ab4fffffffff
2206,0.76,832b93fffffffff
2207,3.42,832b9bfffffffff
2208,3.86,832b83fffffffff
2209,2.61,832ab4fffffffff
2210,0.06,832b9bfffffffff
2211,4.07,832b83fffffffff
2212,0.08,832b93fffffffff
2213,0.85,832b9bfffffffff
2214,0.67,832b9bfffffffff
2215,0.07,832b9bfffffffff
2216,2.66,832ab4fffffffff
2217,0.69,832b9bfffffffff
2218,0.33,832ab4fffffffff
2219,0.09,832b9bfffffffff
2220,2.59,832ab4fffffffff
2221,0.45,832b9bfffffffff
2222,0.67,832b93fffffffff
2223,0.61,832b9bfffffffff
2224,0.36,832b9bfffffffff
2225,0.2,832b9bfffffffff
2226,0.42,832b9bfffffffff
2227,0.9,832b9bfffffffff
2228,0.75,832b9bfffffffff
2229,4.67,832b83fffffffff
2230,4.19,832b9bfffffffff
2231,0.75,832b9dfffffffff
2232,0.47,832b93fffffffff
2233,0.88,832b9bfffffffff
2234,0.11,832ab4fffffffff
2235,0.11,832b9dfffffffff
2236,0.85,832b81fffffffff
2237,0.16,832b83fffffffff
2238,2.99,832b9bfffffffff
2239,0.73,832b83fffffffff
2240,0.59,832b9bfffffffff
2241,0.37,832ab4fffffffff
2242,0.04,832b9bfffffffff
2243,0.6,832b9bfffffffff
2244,0.14,832b9bfffffffff
2245,0.98,832b9dfffffffff
2246,0.62,832b93fffffffff
2247,0.56,832b93fffffffff
2248,0.86,832ab4fffffffff
2249,0.79,832b9bfffffffff
2250,0.56,832b9bfffffffff
2251,3.21,832b9bfffffffff
2252,1.0,832ab4fffffffff
2253,2.18,832b9bfffffffff
2254,0.35,832b9dfffffffff
2255,0.62,832b93fffffffff
2256,4.7,832b98fffffffff
2257,4.32,832b9bfffffffff
2258,0.4,832b83fffffffff
2259,0.98,832b9bfffffffff
2260,0.98,832b93fffffffff
2261,0.81,832b83fffffffff
2262,0.5,832b92fffffffff
2263,0.75,832b9bfffffffff
2264,0.19,832b9bfffffffff
2265,0.99,832b9bfffffffff
2266,0.11,832b83fffffffff
2267,0.93,832b83fffffffff
2268,4.33,832b9bfffffffff
2269,0.99,832b92fffffffff
2270,2.49,832b9bfffffffff
2271,0.15,832b9bfffffffff
2272,0.06,832b9bfffffffff
2273,0.49,832b9dfffffffff
2274,0.46,832ab4fffffffff
2275,0.67,832b92fffffffff
2276,0.93,832b83fffffffff
2277,0.12,832b93fffffffff
2278,0.48,832ab4fffffffff
2279,0.06,832b9bfffffffff
2280,4.46,832b9bfffffffff
2281,0.13,832ab4fffffffff
2282,0.62,832b9dfffffffff
2283,0.71,832b9bfffffffff
2284,0.38,832b9bfffffffff
2285,0.11,832b98fffffffff
2286,0.95,832b83fffffffff
2287,0.75,832b83fffffffff
2288,2.57,832b9dfffffffff
2289,0.86,832b9bfffffffff
2290,0.68,832b9bfffffffff
2291,0.9,832b83fffffffff
2292,0.1,832b9dfffffffff
2293,0.56,832b9bfffffffff
2294,2.34,832ab0fffffffff
2295,0.02,832b9bfffffffff
2296,0.16,832ab4fffffffff
2297,0.76,832b9bfffffffff
2298,0.16,832b83fffffffff
2299,0.19,832ab4fffffffff
2300,3.65,832b9bfffffffff
2301,0.04,832b9bfffffffff
2302,0.7,832b93fffffffff
2303,0.66,832b9dfffffffff
2304,2.68,832b9bfffffffff
2305,0.04,832b83fffffffff
2306,3.96,832ab4fffffffff
2307,0.88,832b9bfffffffff
2308,2.61,832b9bfffffffff
2309,0.6,832b83fffffffff
2310,0.73,832b92fffffffff
2311,0.38,832b9bfffffffff
2312,0.33,832ab0fffffffff
2313,0.72,832b83fffffffff
2314,0.95,832b9bfffffffff
2315,0.16,832b9bfffffffff
2316,0.48,832b9bfffffffff
2317,0.78,832b9bfffffffff
2318,0.87,832b9bfffffffff
2319,0.83,832ab4fffffffff
2320,0.33,832b9dfffffffff
2321,4.54,832b93fffffffff
2322,0.89,832b9bfffffffff
2323,0.83,832b83fffffffff
2324,0.91,832ab4fffffffff
2325,2.24,832b98fffffffff
2326,0.62,832b9dfffffffff
2327,0.03,832b83fffffffff
2328,0.96,832b9bfffffffff
2329,0.7,832b9bfffffffff
2330,0.94,832b9dfffffffff
2331,0.48,832b9bfffffffff
2332,0.71,832b9dfffffffff
2333,0.66,832ab4fffffffff
2334,0.95,832ab4fffffffff
2335,2.45,832b93fffffffff
2336,0.06,832b93fffffffff
2337,2.26,832ab4fffffffff
2338,0.74,832b9dfffffffff
2339,0.51,832b9bfffffffff
2340,0.02,832b9bfffffffff
2341,0.47,832b9bfffffffff
2342,0.95,832b9bfffffffff
2343,0.2,832ab4fffffffff
2344,3.16,832b92fffffffff
2345,0.55,832b93fffffffff
2346,0.56,832b92fffffffff
2347,0.78,832b9bfffffffff
2348,0.13,832b81fffffffff
2349,4.65,832b9bfffffffff
2350,0.61,832b81fffffffff
2351,0.19,832b9dfffffffff
2352,0.62,832b9dfffffffff
2353,0.69,832b81fffffffff
2354,0.99,832b9bfffffffff
2355,0.81,832b9bfffffffff
2356,0.1,832ab4fffffffff
2357,0.35,832b83fffffffff
2358,0.19,832ab4fffffffff
2359,0.67,832ab4fffffffff
2360,3.85,832b9bfffffffff
2361,0.02,832b83fffffffff
2362,4.55,832b9bfffffffff
2363,0.19,832b9bfffffffff
2364,0.5,832ab4fffffffff
2365,2.81,832b81fffffffff
2366,0.14,832ab4fffffffff
2367,0.97,832b9bfffffffff
2368,0.37,832b83fffffffff
2369,0.69,832ab4fffffffff
2370,0.88,832b9bfffffffff
2371,0.91,832b9bfffffffff
2372,0.68,832b9bfffffffff
2373,0.5,832ab4fffffffff
2374,0.68,832b9dfffffffff
2375,3.31,832ab4fffffffff
2376,0.11,832b83fffffffff
2377,3.99,832b92fffffffff
2378,0.32,832b9bfffffffff
2379,0.87,832b93fffffffff
2380,4.85,832b9bfffffffff
2381,0.51,832b9bfffffffff
2382,0.18,832b9bfffffffff
2383,0.17,832ab4fffffffff
2384,0.62,832ab4fffffffff
2385,4.26,832b93fffffffff
2386,3.53,832b9bfffffffff
2387,3.56,832b81fffffffff
2388,0.72,832ab4fffffffff
2389,0.16,832b9bfffffffff
2390,0.2,832ab0fffffffff
2391,0.08,832ab4fffffffff
2392,0.51,832ab4fffffffff
2393,0.83,832b9dfffffffff
2394,0.49,832b9bfffffffff
2395,0.72,832b9bfffffffff
2396,0.79,832b9bfffffffff
2397,0.72,832ab4fffffffff
2398,0.73,832b81fffffffff
2399,3.16,832b9bfffffffff
2400,0.57,832b9bfffffffff
2401,0.49,832ab4fffffffff
2402,0.55,832b83fffffffff
2403,3.61,832ab4fffffffff
2404,0.15,832b83fffffffff
2405,0.03,832b93fffffffff
2406,0.56,832b9bfffffffff
2407,0.3,832b83fffffffff
2408,0.03,832b9dfffffffff
2409,0.18,832ab4fffffffff
2410,0.5,832ab4fffffffff
2411,0.73,832b9bfffffffff
2412,0.66,832ab4fffffffff
2413,0.46,832b83fffffffff
2414,0.51,832b9bfffffffff
2415,0.12,832b9dfffffffff
2416,0.86,832b83fffffffff
2417,2.49,832ab4fffffffff
2418,0.63,832b93fffffffff
2419,3.89,832b81fffffffff
2420,3.76,832b93fffffffff
2421,0.35,832b9dfffffffff
2422,0.89,832b93fffffffff
2423,3.55,832ab4fffffffff
2424,0.45,832ab4fffffffff
2425,0.07,832ab4fffffffff
2426,0.6,832b9dfffffffff
2427,0.09,832b93fffffffff
2428,0.81,832b9bfffffffff
2429,3.42,832b9bfffffffff
2430,0.37,832b9bfffffffff
2431,0.63,832ab4fffffffff
2432,4.64,832b9bfffffffff
2433,0.44,832b9bfffffffff
2434,0.15,832ab4fffffffff
2435,0.59,832ab4fffffffff
2436,0.91,832b9bfffffffff
2437,0.65,832b81fffffffff
2438,0.18,832b93fffffffff
2439,0.13,832b9bfffffffff
2440,0.19,832b9bfffffffff
2441,0.59,832ab4fffffffff
2442,0.79,832b83fffffffff
2443,0.5,832b93fffffffff
2444,0.58,832b9bfffffffff
2445,0.14,832ab4fffffffff
2446,0.3,832ab4fffffffff
2447,4.07,832b9bfffffffff
2448,0.7,832b9bfffffffff
2449,0.34,832ab4fffffffff
2450,0.95,832b9bfffffffff
2451,0.87,832b83fffffffff
2452,0.74,832b83fffffffff
2453,0.6,832b9bfffffffff
2454,0.53,832ab4fffffffff
2455,0.79,832ab4fffffffff
2456,0.92,832b9dfffffffff
2457,0.98,832b9bfffffffff
2458,0.91,832b93fffffffff
2459,0.06,832ab4fffffffff
2460,0.6,832b9bfffffffff
2461,0.84,832b9bfffffffff
2462,0.64,832b81fffffffff
2463,0.87,832b9bfffffffff
2464,0.15,832b81fffffffff
2465,0.75,832b9bfffffffff
2466,0.85,832b9bfffffffff
2467,0.78,832b9bfffffffff
2468,0.98,832b9bfffffffff
2469,0.07,832769fffffffff
2470,2.12,832b9dfffffffff
2471,0.52,832b83fffffffff
2472,0.13,832ab4fffffffff
2473,0.08,832ab4fffffffff
2474,0.56,832ab4fffffffff
2475,2.47,832ab4fffffffff
2476,0.34,832b9bfffffffff
2477,0.87,832b9dfffffffff
2478,0.73,832b9dfffffffff
2479,0.13,832b9bfffffffff
2480,0.56,832b92fffffffff
2481,0.83,832ab4fffffffff
2482,0.38,832b83fffffffff
2483,0.57,832b83fffffffff
2484,0.06,832ab4fffffffff
2485,0.09,832b9dfffffffff
2486,0.57,832ab4fffffffff
2487,0.9,832b9bfffffffff
2488,3.65,832b9bfffffffff
2489,0.7,832ab4fffffffff
2490,3.68,832ab4fffffffff
2491,0.79,830eddfffffffff
2492,3.55,832728fffffffff
2493,0.42,832705fffffffff
2494,0.04,832b90fffffffff
2495,0.99,830eccfffffffff
2496,0.47,830ed2fffffffff
2497,0.92,830ec4fffffffff
2498,0.63,830ed8fffffffff
2499,0.82,832765fffffffff
2500,0.13,832765fffffffff
2501,0.81,83272dfffffffff
2502,0.91,832b83fffffffff
2503,0.65,832723fffffffff
2504,2.53,832720fffffffff
2505,0.4,832721fffffffff
2506,0.51,830edbfffffffff
2507,0.58,830ed3fffffffff
2508,0.06,830ec0fffffffff
2509,0.72,830edefffffffff
2510,0.41,83272cfffffffff
2511,0.57,832729fffffffff
2512,0.85,830e89fffffffff
2513,0.72,830ed2fffffffff
2514,0.85,832b9cfffffffff
2515,2.52,830e89fffffffff
2516,0.19,830eccfffffffff
2517,0.7,832766fffffffff
2518,0.81,832b81fffffffff
2519,0.44,830ed0fffffffff
2520,0.18,830e8bfffffffff
2521,0.39,830e8dfffffffff
2522,0.86,832728fffffffff
2523,0.31,830ed0fffffffff
2524,3.09,832728fffffffff
2525,2.97,832ab2fffffffff
2526,0.1,832774fffffffff
2527,4.31,830ecefffffffff
2528,0.41,832721fffffffff
2529,0.18,830edefffffffff
2530,4.33,830ed5fffffffff
2531,0.33,830ed8fffffffff
2532,0.04,83272dfffffffff
2533,0.79,830ecefffffffff
2534,4.79,830ec2fffffffff
2535,0.93,832760fffffffff
2536,0.09,830eccfffffffff
2537,0.15,830ec8fffffffff
2538,0.55,830ef1fffffffff
2539,0.15,830ed0fffffffff
2540,0.45,832b96fffffffff
2541,0.43,830ed2fffffffff
2542,0.75,83272bfffffffff
2543,2.67,832765fffffffff
2544,0.75,832701fffffffff
2545,0.71,832701fffffffff
2546,4.82,830ef3fffffffff
2547,0.64,832724fffffffff
2548,0.52,830ed0fffffffff
2549,0.89,830ec6fffffffff
2550,0.95,830ec1fffffffff
2551,0.69,832b92fffffffff
2552,3.93,830ec3fffffffff
2553,0.8,832760fffffffff
2554,0.43,830ecefffffffff
2555,0.09,832721fffffffff
2556,0.7,832b94fffffffff
2557,0.66,830ecefffffffff
2558,3.83,832b96fffffffff
2559,0.66,832765fffffffff
2560,0.58,830ecafffffffff
2561,0.88,832723fffffffff
2562,0.65,830ec6fffffffff
2563,0.45,832761fffffffff
2564,0.19,830edefffffffff
2565,0.78,832ab2fffffffff
2566,0.93,83272afffffffff
2567,0.42,830ef3fffffffff
2568,0.48,832761fffffffff
2569,0.48,830edbfffffffff
2570,0.31,830eddfffffffff
2571,0.94,830eccfffffffff
2572,0.62,83270cfffffffff
2573,0.62,83272efffffffff
2574,0.57,83276cfffffffff
2575,4.1,830ec1fffffffff
2576,4.5,832725fffffffff
2577,0.38,83276cfffffffff
2578,4.32,830ed8fffffffff
2579,0.88,830e89fffffffff
2580,0.04,830ed1fffffffff
2581,0.37,832721fffffffff
2582,0.18,830ecefffffffff
2583,2.86,830edafffffffff
2584,4.92,832760fffffffff
2585,3.64,832760fffffffff
2586,0.79,830eccfffffffff
2587,3.45,83272efffffffff
2588,0.6,832b83fffffffff
2589,0.92,830ec6fffffffff
2590,4.16,830ec8fffffffff
2591,0.45,832b9efffffffff
2592,0.15,830ed2fffffffff
2593,0.69,83272bfffffffff
2594,0.2,830ef1fffffffff
2595,0.86,830ef3fffffffff
2596,0.49,830ed5fffffffff
2597,0.65,832ab0fffffffff
2598,3.22,830ecefffffffff
2599,0.6,830ef1fffffffff
2600,4.77,832ab4fffffffff
2601,0.82,830ef1fffffffff
2602,0.45,830edefffffffff
2603,0.77,830ed2fffffffff
2604,0.97,830ed1fffffffff
2605,0.09,830ed1fffffffff
2606,0.4,832b9afffffffff
2607,4.65,832b9cfffffffff
2608,0.49,83276cfffffffff
2609,0.72,830edbfffffffff
2610,0.1,832724fffffffff
2611,0.85,830ef1fffffffff
2612,0.88,832b94fffffffff
2613,0.89,830ed3fffffffff
2614,0.78,830edbfffffffff
2615,0.68,83272dfffffffff
2616,0.03,830ed2fffffffff
2617,0.49,832776fffffffff
2618,0.18,832765fffffffff
2619,0.03,83272cfffffffff
2620,0.57,83272cfffffffff
2621,0.84,832b9afffffffff
2622,0.82,830ed8fffffffff
2623,4.74,830ed0fffffffff
2624,0.33,830edbfffffffff
2625,4.56,830ee2fffffffff
2626,0.11,830ecefffffffff
2627,0.59,83272afffffffff
2628,0.08,832721fffffffff
2629,4.8,830ec3fffffffff
2630,0.88,832b98fffffffff
2631,0.03,830ec3fffffffff
2632,0.03,830eddfffffffff
2633,0.69,83272cfffffffff
2634,0.88,832764fffffffff
2635,0.16,830ec2fffffffff
2636,3.48,832b9dfffffffff
2637,4.92,832ab5fffffffff
2638,4.9,832760fffffffff
2639,0.72,830ed0fffffffff
2640,0.14,832b91fffffffff
2641,0.54,830ed3fffffffff
2642,0.75,832728fffffffff
2643,0.18,830ed6fffffffff
2644,0.7,830ef3fffffffff
2645,2.14,832761fffffffff
2646,0.31,832b8efffffffff
2647,0.68,830ed2fffffffff
2648,0.96,830e89fffffffff
2649,0.05,830ec0fffffffff
2650,0.52,832b83fffffffff
2651,0.18,830ec4fffffffff
2652,2.77,830edcfffffffff
2653,0.48,83272bfffffffff
2654,0.66,830eebfffffffff
2655,0.45,830ec9fffffffff
2656,0.75,830edefffffffff
2657,0.67,83272afffffffff
2658,0.69,830ed4fffffffff
2659,0.55,832b82fffffffff
2660,0.61,832701fffffffff
2661,0.77,830ed6fffffffff
2662,0.74,832722fffffffff
2663,0.72,832766fffffffff
2664,0.02,830ec0fffffffff
2665,0.14,830edefffffffff
2666,0.32,83272afffffffff
2667,0.99,830ec0fffffffff
2668,0.18,832b96fffffffff
2669,0.04,830ecbfffffffff
2670,0.65,832774fffffffff
2671,0.85,83272efffffffff
2672,0.31,830ec2fffffffff
2673,0.13,832705fffffffff
2674,2.56,830ed0fffffffff
2675,0.59,830ef2fffffffff
2676,0.88,830ed8fffffffff
2677,0.75,83270efffffffff
2678,0.65,830eddfffffffff
2679,0.2,830e8bfffffffff
2680,0.49,83270dfffffffff
2681,0.66,832761fffffffff
2682,0.98,830ed8fffffffff
2683,0.6,830ed5fffffffff
2684,4.1,830edafffffffff
2685,0.17,830ed9fffffffff
2686,0.72,830e8bfffffffff
2687,4.3,830ec0fffffffff
2688,0.92,830edbfffffffff
2689,0.35,830edafffffffff
2690,0.65,83272bfffffffff
2691,0.51,83270dfffffffff
2692,0.59,832b9bfffffffff
2693,0.91,83270cfffffffff
2694,0.63,830ecafffffffff
2695,0.51,832b9afffffffff
2696,0.99,830eddfffffffff
2697,0.92,830e8dfffffffff
2698,0.8,832728fffffffff
2699,0.32,830ed8fffffffff
2700,0.74,830ed5fffffffff
2701,0.87,830edefffffffff
2702,0.56,830edefffffffff
2703,0.02,830ed8fffffffff
2704,4.76,830edafffffffff
2705,0.2,832761fffffffff
2706,0.99,832b92fffffffff
2707,0.97,832b96fffffffff
2708,0.94,832b9dfffffffff
2709,0.06,830ed0fffffffff
2710,0.32,832b90fffffffff
2711,0.88,830ed1fffffffff
2712,0.4,832765fffffffff
2713,0.66,832b8efffffffff
2714,3.31,830ec1fffffffff
2715,0.04,832b93fffffffff
2716,2.44,830ec4fffffffff
2717,0.12,832764fffffffff
2718,4.58,830ed0fffffffff
2719,4.44,830ed3fffffffff
2720,0.47,830ec3fffffffff
2721,0.36,832b8efffffffff
2722,0.8,830ed5fffffffff
2723,0.3,830ef3fffffffff
2724,0.16,830ecbfffffffff
2725,0.09,83270dfffffffff
2726,0.42,830e8bfffffffff
2727,0.9,832b96fffffffff
2728,0.08,832728fffffffff
2729,0.51,832b91fffffffff
2730,0.94,830e8bfffffffff
2731,0.98,832764fffffffff
2732,3.45,83272afffffffff
2733,3.19,830ecefffffffff
2734,0.83,830ec0fffffffff
2735,2.67,830ee2fffffffff
2736,0.69,830e8dfffffffff
2737,0.7,83272bfffffffff
2738,0.97,830ed9fffffffff
2739,0.32,830edefffffffff
2740,0.99,832721fffffffff
2741,0.95,830ed0fffffffff
2742,0.87,830ed4fffffffff
2743,0.61,832b93fffffffff
2744,1.0,830ec6fffffffff
2745,0.8,832723fffffffff
2746,3.22,832720fffffffff
2747,0.37,830ed6fffffffff
2748,0.86,830ed6fffffffff
2749,0.67,830ef3fffffffff
2750,0.08,830ed1fffffffff
2751,0.09,832701fffffffff
2752,0.48,830ec8fffffffff
2753,0.59,832705fffffffff
2754,0.7,830ec8fffffffff
2755,0.05,832705fffffffff
2756,0.04,832721fffffffff
2757,0.55,83270dfffffffff
2758,0.04,830e8dfffffffff
2759,0.89,830ec8fffffffff
2760,4.66,832766fffffffff
2761,2.28,830ec0fffffffff
2762,0.64,830e89fffffffff
2763,0.4,83272efffffffff
2764,0.86,832764fffffffff
2765,0.54,832720fffffffff
2766,0.82,832ab2fffffffff
2767,0.93,830eddfffffffff
2768,0.05,830ec0fffffffff
2769,4.05,832761fffffffff
2770,4.04,830e8dfffffffff
2771,0.17,83272afffffffff
2772,2.76,830ecdfffffffff
2773,0.75,830e88fffffffff
2774,0.95,832705fffffffff
2775,0.15,830eccfffffffff
2776,0.09,830ec0fffffffff
2777,0.74,830ec4fffffffff
2778,0.06,830ef1fffffffff
2779,0.42,830ed0fffffffff
2780,0.06,832705fffffffff
2781,0.86,832723fffffffff
2782,0.39,830ed1fffffffff
2783,3.39,830ef3fffffffff
2784,3.41,830ec6fffffffff
2785,0.05,830ef3fffffffff
2786,0.91,832705fffffffff
2787,3.17,830ec0fffffffff
2788,0.69,830ed4fffffffff
2789,0.46,830ecbfffffffff
2790,0.93,83272cfffffffff
2791,0.89,830ed2fffffffff
2792,2.56,830ed9fffffffff
2793,4.65,832721fffffffff
2794,0.12,832b96fffffffff
2795,0.17,832729fffffffff
2796,3.95,830ec9fffffffff
2797,0.1,830ec6fffffffff
2798,0.71,83270dfffffffff
2799,0.61,832b90fffffffff
2800,0.3,830ed1fffffffff
2801,0.79,830edefffffffff
2802,0.78,830ec1fffffffff
2803,0.6,830ef2fffffffff
2804,0.79,832764fffffffff
2805,3.21,832b92fffffffff
2806,0.64,832724fffffffff
2807,0.05,832708fffffffff
2808,0.96,830ed0fffffffff
2809,4.17,830ed9fffffffff
2810,4.38,83270dfffffffff
2811,0.69,832b91fffffffff
2812,0.48,830ec0fffffffff
2813,0.94,832720fffffffff
2814,0.59,830ef0fffffffff
2815,0.86,830e8bfffffffff
2816,0.84,832705fffffffff
2817,0.45,83270dfffffffff
2818,0.53,830e89fffffffff
2819,0.72,830ed2fffffffff
2820,0.95,830ef3fffffffff
2821,0.67,830ec9fffffffff
2822,0.6,830ec1fffffffff
2823,0.44,830e8bfffffffff
2824,0.73,830edefffffffff
2825,0.43,832721fffffffff
2826,3.61,832705fffffffff
2827,0.34,830ed1fffffffff
2828,0.18,832b92fffffffff
2829,0.63,830ecefffffffff
2830,0.35,832705fffffffff
2831,0.98,832b93fffffffff
2832,0.2,830ec2fffffffff
2833,0.41,832724fffffffff
2834,0.51,830e88fffffffff
2835,0.77,832b81fffffffff
2836,0.09,830ecafffffffff
2837,0.7,832705fffffffff
2838,0.55,830ecbfffffffff
2839,0.2,830ed4fffffffff
2840,0.49,830ecefffffffff
2841,0.79,832705fffffffff
2842,0.54,832704fffffffff
2843,0.6,832b9afffffffff
2844,0.04,830edafffffffff
2845,0.32,832776fffffffff
2846,3.72,830ec2fffffffff
2847,2.9,832765fffffffff
2848,0.09,830ed5fffffffff
2849,0.51,830edefffffffff
2850,0.33,830ed4fffffffff
2851,0.96,832721fffffffff
2852,0.81,830ec9fffffffff
2853,2.39,830ec3fffffffff
2854,0.55,83272efffffffff
2855,3.58,830ecefffffffff
2856,3.62,83272efffffffff
2857,0.06,830ed4fffffffff
2858,0.42,830ed6fffffffff
2859,0.51,830ef3fffffffff
2860,0.84,830eccfffffffff
2861,0.54,832720fffffffff
2862,0.77,830ed9fffffffff
2863,0.76,830ecbfffffffff
2864,0.51,832b96fffffffff
2865,0.75,83272efffffffff
2866,0.06,832774fffffffff
2867,0.97,832b90fffffffff
2868,0.78,83272efffffffff
2869,3.87,83272afffffffff
2870,0.05,830ec2fffffffff
2871,2.28,830e8dfffffffff
2872,0.42,830ed3fffffffff
2873,0.74,830e89fffffffff
2874,0.05,832701fffffffff
2875,4.21,830ed2fffffffff
2876,0.71,830e8bfffffffff
2877,4.48,830ed5fffffffff
2878,0.53,832723fffffffff
2879,0.5,832729fffffffff
2880,0.13,832b90fffffffff
2881,0.49,830ec0fffffffff
2882,3.47,830ed6fffffffff
2883,0.06,832764fffffffff
2884,0.55,830e8dfffffffff
2885,0.04,830e8bfffffffff
2886,2.36,832ab4fffffffff
2887,2.99,830edefffffffff
2888,0.04,830ed5fffffffff
2889,3.51,830eddfffffffff
2890,0.41,830ed4fffffffff
2891,0.92,830ec3fffffffff
2892,0.11,830ecefffffffff
2893,0.8,832b92fffffffff
2894,0.61,830ed6fffffffff
2895,4.19,832b9efffffffff
2896,0.61,832b92fffffffff
2897,0.09,830edbfffffffff
2898,0.85,830ecefffffffff
2899,0.38,830ed3fffffffff
2900,2.9,830ef1fffffffff
2901,0.78,830ef3fffffffff
2902,0.45,830ed0fffffffff
2903,0.43,832761fffffffff
2904,0.09,830edcfffffffff
2905,0.96,83272bfffffffff
2906,0.15,830eccfffffffff
2907,0.47,832701fffffffff
2908,0.86,832b96fffffffff
2909,0.81,832701fffffffff
2910,0.98,830ef3fffffffff
2911,3.31,830ec0fffffffff
2912,4.29,83270dfffffffff
2913,0.06,832b91fffffffff
2914,2.92,832765fffffffff
2915,2.4,830ecafffffffff
2916,2.01,832b8efffffffff
2917,0.42,832b9dfffffffff
2918,0.58,830ecafffffffff
2919,0.05,832765fffffffff
2920,0.93,830ef1fffffffff
2921,0.3,832723fffffffff
2922,2.53,83272efffffffff
2923,0.1,830ed5fffffffff
2924,4.1,832b91fffffffff
2925,0.47,832765fffffffff
2926,4.5,830e89fffffffff
2927,0.34,832b96fffffffff
2928,0.94,830ed5fffffffff
2929,4.22,83270cfffffffff
2930,0.98,830ef2fffffffff
2931,0.41,83270efffffffff
2932,0.66,83272efffffffff
2933,0.03,832764fffffffff
2934,0.67,832ab4fffffffff
2935,0.89,832b91fffffffff
2936,0.41,830ec0fffffffff
2937,0.97,830ed4fffffffff
2938,2.74,832b96fffffffff
2939,0.7,83270dfffffffff
2940,0.76,832ab4fffffffff
2941,2.16,83272cfffffffff
2942,0.46,832725fffffffff
2943,0.8,830ec6fffffffff
2944,0.16,830edefffffffff
2945,0.09,832ab4fffffffff
2946,0.34,830ed4fffffffff
2947,0.66,830ec6fffffffff
2948,4.22,830ef1fffffffff
2949,0.1,832760fffffffff
2950,0.32,830ec6fffffffff
2951,0.87,832772fffffffff
2952,0.82,83272bfffffffff
2953,0.49,832b96fffffffff
2954,0.96,830edcfffffffff
2955,0.82,83270dfffffffff
2956,0.33,830edafffffffff
2957,0.42,832ab4fffffffff
2958,0.8,830ed5fffffffff
2959,0.02,830eccfffffffff
2960,0.97,830ecdfffffffff
2961,0.81,832b9afffffffff
2962,0.86,832728fffffffff
2963,0.36,830edefffffffff
2964,0.32,83272bfffffffff
2965,0.17,832774fffffffff
2966,0.93,832760fffffffff
2967,2.2,832774fffffffff
2968,0.84,832765fffffffff
2969,0.64,830e8bfffffffff
2970,3.26,832729fffffffff
2971,0.5,830ed6fffffffff
2972,0.4,830ec8fffffffff
2973,0.56,830e8bfffffffff
2974,2.73,830edbfffffffff
2975,0.14,830eccfffffffff
2976,0.8,832765fffffffff
2977,0.11,832764fffffffff
2978,0.51,832704fffffffff
2979,0.55,832774fffffffff
2980,0.15,830ef1fffffffff
2981,1.0,830ed2fffffffff
2982,0.6,832761fffffffff
2983,0.67,83276cfffffffff
2984,0.46,83270efffffffff
2985,0.45,830ec3fffffffff
2986,0.86,832b8efffffffff
2987,0.77,830ef1fffffffff
2988,0.35,83272efffffffff
2989,0.88,83272bfffffffff
2990,0.54,832b9dfffffffff
2991,0.31,832721fffffffff
2992,0.39,83272efffffffff
2993,0.7,832b92fffffffff
2994,0.12,832774fffffffff
2995,0.42,832ab4fffffffff
2996,0.91,830ef0fffffffff
2997,2.91,830edafffffffff
2998,0.57,832770fffffffff
2999,0.08,830ed0fffffffff
